Date,SGIXST3P Index
2008-01-02,100.00
2008-01-03,100.14
2008-01-04,99.51
2008-01-07,100.05
2008-01-08,99.83
2008-01-09,100.23
2008-01-10,100.23
2008-01-11,100.25
2008-01-14,100.31
2008-01-15,100.28
2008-01-16,100.32
2008-01-17,100.32
2008-01-18,100.35
2008-01-22,100.40
2008-01-23,100.43
2008-01-24,100.43
2008-01-25,100.47
2008-01-28,100.94
2008-01-29,100.95
2008-01-30,100.98
2008-01-31,100.98
2008-02-01,101.00
2008-02-04,101.03
2008-02-05,100.83
2008-02-06,100.81
2008-02-07,101.13
2008-02-08,101.23
2008-02-11,101.25
2008-02-12,101.26
2008-02-13,101.27
2008-02-14,101.27
2008-02-15,101.29
2008-02-19,101.30
2008-02-20,101.34
2008-02-21,101.34
2008-02-22,101.34
2008-02-25,101.37
2008-02-26,101.38
2008-02-27,101.40
2008-02-28,101.40
2008-02-29,101.41
2008-03-03,101.53
2008-03-04,101.56
2008-03-05,101.61
2008-03-06,101.59
2008-03-07,101.62
2008-03-10,101.63
2008-03-11,101.63
2008-03-12,101.70
2008-03-13,101.71
2008-03-14,101.76
2008-03-17,101.87
2008-03-18,101.87
2008-03-19,101.94
2008-03-20,102.25
2008-03-24,102.27
2008-03-25,102.27
2008-03-26,102.29
2008-03-27,102.28
2008-03-28,102.29
2008-03-31,102.36
2008-04-01,102.36
2008-04-02,102.37
2008-04-03,102.39
2008-04-04,102.43
2008-04-07,102.46
2008-04-08,102.51
2008-04-09,102.55
2008-04-10,102.61
2008-04-11,102.67
2008-04-14,102.82
2008-04-15,102.87
2008-04-16,102.90
2008-04-17,102.90
2008-04-18,102.91
2008-04-21,102.92
2008-04-22,102.91
2008-04-23,102.91
2008-04-24,102.92
2008-04-25,102.92
2008-04-28,102.94
2008-04-29,102.94
2008-04-30,102.96
2008-05-01,102.96
2008-05-02,103.00
2008-05-05,103.04
2008-05-06,103.06
2008-05-07,103.10
2008-05-08,103.24
2008-05-09,103.26
2008-05-12,103.28
2008-05-13,103.26
2008-05-14,103.26
2008-05-15,103.29
2008-05-16,103.33
2008-05-19,103.39
2008-05-20,103.42
2008-05-21,103.35
2008-05-22,103.62
2008-05-23,103.68
2008-05-27,103.68
2008-05-28,103.75
2008-05-29,103.76
2008-05-30,103.80
2008-06-02,103.82
2008-06-03,103.87
2008-06-04,103.93
2008-06-05,103.93
2008-06-06,103.94
2008-06-09,104.06
2008-06-10,104.17
2008-06-11,104.13
2008-06-12,104.36
2008-06-13,104.43
2008-06-16,104.47
2008-06-17,104.46
2008-06-18,104.47
2008-06-19,104.48
2008-06-20,104.50
2008-06-23,104.54
2008-06-24,104.63
2008-06-25,104.69
2008-06-26,104.60
2008-06-27,104.71
2008-06-30,104.72
2008-07-01,104.73
2008-07-02,104.77
2008-07-03,105.06
2008-07-07,105.20
2008-07-08,105.20
2008-07-09,105.21
2008-07-10,105.38
2008-07-11,105.37
2008-07-14,105.43
2008-07-15,105.53
2008-07-16,105.56
2008-07-17,105.56
2008-07-18,105.58
2008-07-21,105.61
2008-07-22,105.63
2008-07-23,105.67
2008-07-24,105.67
2008-07-25,105.68
2008-07-28,105.69
2008-07-29,105.76
2008-07-30,105.88
2008-07-31,105.90
2008-08-01,105.93
2008-08-04,106.01
2008-08-05,106.03
2008-08-06,106.11
2008-08-07,106.11
2008-08-08,106.17
2008-08-11,106.17
2008-08-12,106.17
2008-08-13,106.17
2008-08-14,106.17
2008-08-15,106.17
2008-08-18,106.20
2008-08-19,106.20
2008-08-20,106.30
2008-08-21,106.31
2008-08-22,106.33
2008-08-25,106.34
2008-08-26,106.40
2008-08-27,106.44
2008-08-28,106.45
2008-08-29,106.45
2008-09-02,106.50
2008-09-03,106.48
2008-09-04,106.14
2008-09-05,106.50
2008-09-08,106.60
2008-09-09,106.39
2008-09-10,106.77
2008-09-11,106.77
2008-09-12,106.82
2008-09-15,106.81
2008-09-16,106.83
2008-09-17,106.71
2008-09-18,106.88
2008-09-19,107.27
2008-09-22,106.80
2008-09-23,106.89
2008-09-24,107.17
2008-09-25,107.20
2008-09-26,107.28
2008-09-29,106.68
2008-09-30,108.39
2008-10-01,108.49
2008-10-02,108.22
2008-10-03,108.41
2008-10-06,108.27
2008-10-07,107.17
2008-10-08,107.45
2008-10-09,107.09
2008-10-10,108.14
2008-10-13,108.29
2008-10-14,108.71
2008-10-15,109.30
2008-10-16,111.83
2008-10-17,111.50
2008-10-20,112.58
2008-10-21,112.79
2008-10-22,115.15
2008-10-23,116.04
2008-10-24,116.39
2008-10-27,115.52
2008-10-28,119.58
2008-10-29,119.94
2008-10-30,120.31
2008-10-31,120.44
2008-11-03,120.66
2008-11-04,121.22
2008-11-05,121.21
2008-11-06,120.54
2008-11-07,122.48
2008-11-10,122.80
2008-11-11,123.11
2008-11-12,123.02
2008-11-13,124.92
2008-11-14,125.09
2008-11-17,125.38
2008-11-18,126.05
2008-11-19,125.89
2008-11-20,124.56
2008-11-21,126.96
2008-11-24,128.60
2008-11-25,129.89
2008-11-26,130.99
2008-11-28,131.14
2008-12-01,130.79
2008-12-02,132.79
2008-12-03,133.41
2008-12-04,133.49
2008-12-05,133.57
2008-12-08,133.90
2008-12-09,134.09
2008-12-10,134.25
2008-12-11,134.30
2008-12-12,134.72
2008-12-15,134.81
2008-12-16,135.63
2008-12-17,135.77
2008-12-18,136.02
2008-12-19,136.14
2008-12-22,136.24
2008-12-23,136.28
2008-12-24,136.46
2008-12-26,136.49
2008-12-29,136.52
2008-12-30,136.56
2008-12-31,136.60
2009-01-02,136.65
2009-01-05,136.66
2009-01-06,136.62
2009-01-07,136.66
2009-01-08,136.67
2009-01-09,136.70
2009-01-12,136.79
2009-01-13,136.85
2009-01-14,136.88
2009-01-15,136.99
2009-01-16,137.05
2009-01-20,137.00
2009-01-21,137.08
2009-01-22,137.33
2009-01-23,137.40
2009-01-26,137.49
2009-01-27,137.49
2009-01-28,137.60
2009-01-29,137.61
2009-01-30,137.63
2009-02-02,137.71
2009-02-03,137.70
2009-02-04,137.76
2009-02-05,137.78
2009-02-06,137.79
2009-02-09,137.81
2009-02-10,137.75
2009-02-11,137.80
2009-02-12,137.88
2009-02-13,137.94
2009-02-17,137.94
2009-02-18,138.02
2009-02-19,138.07
2009-02-20,138.11
2009-02-23,138.11
2009-02-24,138.24
2009-02-25,138.44
2009-02-26,138.44
2009-02-27,138.47
2009-03-02,138.51
2009-03-03,138.61
2009-03-04,138.64
2009-03-05,138.65
2009-03-06,138.68
2009-03-09,138.74
2009-03-10,138.74
2009-03-11,138.81
2009-03-12,138.81
2009-03-13,138.89
2009-03-16,138.93
2009-03-17,139.00
2009-03-18,139.06
2009-03-19,139.08
2009-03-20,139.11
2009-03-23,139.14
2009-03-24,139.14
2009-03-25,139.16
2009-03-26,139.19
2009-03-27,139.22
2009-03-30,139.26
2009-03-31,139.32
2009-04-01,139.34
2009-04-02,139.34
2009-04-03,139.37
2009-04-06,139.40
2009-04-07,139.36
2009-04-08,139.40
2009-04-09,139.46
2009-04-13,139.47
2009-04-14,139.46
2009-04-15,139.49
2009-04-16,139.49
2009-04-17,139.50
2009-04-20,139.50
2009-04-21,139.55
2009-04-22,139.65
2009-04-23,139.65
2009-04-24,139.66
2009-04-27,139.68
2009-04-28,139.68
2009-04-29,139.70
2009-04-30,139.71
2009-05-01,139.72
2009-05-04,139.74
2009-05-05,139.75
2009-05-06,139.77
2009-05-07,139.75
2009-05-08,139.80
2009-05-11,139.83
2009-05-12,139.84
2009-05-13,139.85
2009-05-14,139.90
2009-05-15,139.94
2009-05-18,139.95
2009-05-19,139.96
2009-05-20,139.97
2009-05-21,139.97
2009-05-22,139.99
2009-05-26,139.99
2009-05-27,140.03
2009-05-28,140.05
2009-05-29,140.11
2009-06-01,140.17
2009-06-02,140.14
2009-06-03,140.15
2009-06-04,140.17
2009-06-05,140.19
2009-06-08,140.25
2009-06-09,140.26
2009-06-10,140.28
2009-06-11,140.30
2009-06-12,140.34
2009-06-15,140.35
2009-06-16,140.38
2009-06-17,140.41
2009-06-18,140.41
2009-06-19,140.43
2009-06-22,140.45
2009-06-23,140.54
2009-06-24,140.60
2009-06-25,140.61
2009-06-26,140.62
2009-06-29,140.63
2009-06-30,140.64
2009-07-01,140.67
2009-07-02,140.68
2009-07-06,140.84
2009-07-07,140.81
2009-07-08,140.87
2009-07-09,140.89
2009-07-10,140.92
2009-07-13,140.92
2009-07-14,140.91
2009-07-15,140.92
2009-07-16,140.93
2009-07-17,140.93
2009-07-20,140.94
2009-07-21,140.94
2009-07-22,140.94
2009-07-23,140.95
2009-07-24,140.95
2009-07-27,140.97
2009-07-28,140.94
2009-07-29,140.96
2009-07-30,140.99
2009-07-31,141.02
2009-08-03,141.06
2009-08-04,141.07
2009-08-05,141.10
2009-08-06,141.15
2009-08-07,141.20
2009-08-10,141.26
2009-08-11,141.28
2009-08-12,141.31
2009-08-13,141.32
2009-08-14,141.34
2009-08-17,141.32
2009-08-18,141.47
2009-08-19,141.55
2009-08-20,141.55
2009-08-21,141.56
2009-08-24,141.57
2009-08-25,141.57
2009-08-26,141.59
2009-08-27,141.61
2009-08-28,141.65
2009-08-31,141.75
2009-09-01,141.74
2009-09-02,141.74
2009-09-03,141.76
2009-09-04,141.79
2009-09-08,141.79
2009-09-09,141.80
2009-09-10,141.81
2009-09-11,141.82
2009-09-14,141.83
2009-09-15,141.85
2009-09-16,141.86
2009-09-17,141.86
2009-09-18,141.87
2009-09-21,141.87
2009-09-22,141.87
2009-09-23,141.87
2009-09-24,141.90
2009-09-25,141.90
2009-09-28,141.96
2009-09-29,141.97
2009-09-30,141.99
2009-10-01,141.86
2009-10-02,142.01
2009-10-05,142.05
2009-10-06,142.05
2009-10-07,142.07
2009-10-08,142.07
2009-10-09,142.09
2009-10-12,142.11
2009-10-13,142.12
2009-10-14,142.13
2009-10-15,142.14
2009-10-16,142.15
2009-10-19,142.18
2009-10-20,142.19
2009-10-21,142.20
2009-10-22,142.21
2009-10-23,142.23
2009-10-26,142.31
2009-10-27,142.31
2009-10-28,142.14
2009-10-29,142.44
2009-10-30,142.53
2009-11-02,142.83
2009-11-03,142.84
2009-11-04,142.88
2009-11-05,142.88
2009-11-06,142.90
2009-11-09,142.91
2009-11-10,142.91
2009-11-11,142.93
2009-11-12,142.94
2009-11-13,142.95
2009-11-16,142.96
2009-11-17,142.95
2009-11-18,142.96
2009-11-19,142.96
2009-11-20,143.00
2009-11-23,143.00
2009-11-24,143.01
2009-11-25,143.03
2009-11-27,143.05
2009-11-30,143.07
2009-12-01,143.08
2009-12-02,143.11
2009-12-03,143.12
2009-12-04,143.13
2009-12-07,143.17
2009-12-08,143.19
2009-12-09,143.20
2009-12-10,143.20
2009-12-11,143.21
2009-12-14,143.26
2009-12-15,143.25
2009-12-16,143.28
2009-12-17,143.28
2009-12-18,143.30
2009-12-21,143.32
2009-12-22,143.31
2009-12-23,143.33
2009-12-24,143.35
2009-12-28,143.36
2009-12-29,143.36
2009-12-30,143.39
2009-12-31,143.40
2010-01-04,143.42
2010-01-05,143.43
2010-01-06,143.48
2010-01-07,143.54
2010-01-08,143.54
2010-01-11,143.55
2010-01-12,143.54
2010-01-13,143.64
2010-01-14,143.65
2010-01-15,143.65
2010-01-19,143.68
2010-01-20,143.81
2010-01-21,143.83
2010-01-22,143.23
2010-01-25,143.64
2010-01-26,143.76
2010-01-27,143.83
2010-01-28,143.80
2010-01-29,143.84
2010-02-01,144.03
2010-02-02,144.05
2010-02-03,144.07
2010-02-04,144.04
2010-02-05,144.08
2010-02-08,144.10
2010-02-09,144.13
2010-02-10,144.18
2010-02-11,144.21
2010-02-12,144.25
2010-02-16,144.25
2010-02-17,144.25
2010-02-18,144.26
2010-02-19,144.28
2010-02-22,144.31
2010-02-23,144.30
2010-02-24,144.38
2010-02-25,144.38
2010-02-26,144.40
2010-03-01,144.41
2010-03-02,144.42
2010-03-03,144.43
2010-03-04,144.44
2010-03-05,144.48
2010-03-08,144.50
2010-03-09,144.52
2010-03-10,144.55
2010-03-11,144.56
2010-03-12,144.57
2010-03-15,144.62
2010-03-16,144.62
2010-03-17,144.66
2010-03-18,144.67
2010-03-19,144.72
2010-03-22,144.82
2010-03-23,144.83
2010-03-24,144.84
2010-03-25,144.90
2010-03-26,144.93
2010-03-29,144.98
2010-03-30,145.00
2010-03-31,145.03
2010-04-01,145.09
2010-04-05,145.10
2010-04-06,145.11
2010-04-07,145.15
2010-04-08,145.21
2010-04-09,145.21
2010-04-12,145.24
2010-04-13,145.32
2010-04-14,145.33
2010-04-15,145.35
2010-04-16,145.39
2010-04-19,145.52
2010-04-20,145.56
2010-04-21,145.61
2010-04-22,145.70
2010-04-23,145.72
2010-04-26,145.74
2010-04-27,145.56
2010-04-28,145.77
2010-04-29,145.82
2010-04-30,145.91
2010-05-03,146.19
2010-05-04,146.05
2010-05-05,146.08
2010-05-06,145.62
2010-05-07,144.78
2010-05-10,145.28
2010-05-11,145.30
2010-05-12,145.33
2010-05-13,145.33
2010-05-14,145.34
2010-05-17,145.40
2010-05-18,145.42
2010-05-19,145.42
2010-05-20,145.23
2010-05-21,145.47
2010-05-24,145.57
2010-05-25,145.60
2010-05-26,145.63
2010-05-27,145.67
2010-05-28,145.76
2010-06-01,145.78
2010-06-02,145.83
2010-06-03,145.83
2010-06-04,145.84
2010-06-07,145.85
2010-06-08,145.97
2010-06-09,145.97
2010-06-10,145.99
2010-06-11,146.10
2010-06-14,146.15
2010-06-15,146.14
2010-06-16,146.17
2010-06-17,146.19
2010-06-18,146.21
2010-06-21,146.25
2010-06-22,146.29
2010-06-23,146.34
2010-06-24,146.34
2010-06-25,146.45
2010-06-28,146.50
2010-06-29,146.26
2010-06-30,146.22
2010-07-01,146.45
2010-07-02,146.63
2010-07-06,146.63
2010-07-07,146.68
2010-07-08,146.68
2010-07-09,146.70
2010-07-12,146.70
2010-07-13,146.70
2010-07-14,146.73
2010-07-15,146.75
2010-07-16,146.77
2010-07-19,147.00
2010-07-20,147.01
2010-07-21,147.03
2010-07-22,147.14
2010-07-23,147.30
2010-07-26,147.30
2010-07-27,147.30
2010-07-28,147.32
2010-07-29,147.34
2010-07-30,147.35
2010-08-02,147.36
2010-08-03,147.36
2010-08-04,147.37
2010-08-05,147.37
2010-08-06,147.39
2010-08-09,147.39
2010-08-10,147.39
2010-08-11,147.37
2010-08-12,147.42
2010-08-13,147.43
2010-08-16,147.50
2010-08-17,147.50
2010-08-18,147.51
2010-08-19,147.52
2010-08-20,147.54
2010-08-23,147.57
2010-08-24,147.52
2010-08-25,147.68
2010-08-26,147.69
2010-08-27,147.71
2010-08-30,147.72
2010-08-31,147.77
2010-09-01,147.78
2010-09-02,147.79
2010-09-03,147.80
2010-09-07,147.80
2010-09-08,147.83
2010-09-09,147.83
2010-09-10,147.83
2010-09-13,147.84
2010-09-14,147.84
2010-09-15,147.85
2010-09-16,147.85
2010-09-17,147.87
2010-09-20,147.88
2010-09-21,147.89
2010-09-22,147.90
2010-09-23,147.90
2010-09-24,147.92
2010-09-27,147.93
2010-09-28,147.93
2010-09-29,147.96
2010-09-30,147.97
2010-10-01,147.98
2010-10-04,148.00
2010-10-05,148.00
2010-10-06,148.03
2010-10-07,148.04
2010-10-08,148.08
2010-10-11,148.10
2010-10-12,148.11
2010-10-13,148.13
2010-10-14,148.15
2010-10-15,148.16
2010-10-18,148.17
2010-10-19,148.16
2010-10-20,148.22
2010-10-21,148.22
2010-10-22,148.23
2010-10-25,148.25
2010-10-26,148.26
2010-10-27,148.29
2010-10-28,148.29
2010-10-29,148.30
2010-11-01,148.34
2010-11-02,148.35
2010-11-03,148.37
2010-11-04,148.37
2010-11-05,148.39
2010-11-08,148.42
2010-11-09,148.45
2010-11-10,148.46
2010-11-11,148.48
2010-11-12,148.48
2010-11-15,148.57
2010-11-16,148.52
2010-11-17,148.64
2010-11-18,148.64
2010-11-19,148.66
2010-11-22,148.68
2010-11-23,148.68
2010-11-24,148.70
2010-11-26,148.71
2010-11-29,148.73
2010-11-30,148.73
2010-12-01,148.77
2010-12-02,148.78
2010-12-03,148.80
2010-12-06,148.82
2010-12-07,148.83
2010-12-08,148.86
2010-12-09,148.88
2010-12-10,148.91
2010-12-13,148.92
2010-12-14,149.00
2010-12-15,149.03
2010-12-16,149.05
2010-12-17,149.11
2010-12-20,149.16
2010-12-21,149.19
2010-12-22,149.24
2010-12-23,149.29
2010-12-27,149.35
2010-12-28,149.40
2010-12-29,149.41
2010-12-30,149.45
2010-12-31,149.46
2011-01-03,149.50
2011-01-04,149.51
2011-01-05,149.54
2011-01-06,149.54
2011-01-07,149.55
2011-01-10,149.60
2011-01-11,149.61
2011-01-12,149.63
2011-01-13,149.65
2011-01-14,149.69
2011-01-18,149.69
2011-01-19,149.72
2011-01-20,149.76
2011-01-21,149.87
2011-01-24,150.06
2011-01-25,150.07
2011-01-26,150.08
2011-01-27,150.09
2011-01-28,150.11
2011-01-31,150.58
2011-02-01,150.61
2011-02-02,150.68
2011-02-03,150.69
2011-02-04,150.72
2011-02-07,150.74
2011-02-08,150.76
2011-02-09,150.79
2011-02-10,150.84
2011-02-11,150.85
2011-02-14,150.87
2011-02-15,150.91
2011-02-16,150.93
2011-02-17,150.94
2011-02-18,150.98
2011-02-22,150.89
2011-02-23,150.93
2011-02-24,151.05
2011-02-25,151.09
2011-02-28,151.11
2011-03-01,151.09
2011-03-02,151.15
2011-03-03,151.15
2011-03-04,151.16
2011-03-07,151.19
2011-03-08,151.36
2011-03-09,151.40
2011-03-10,151.38
2011-03-11,151.44
2011-03-14,151.45
2011-03-15,151.46
2011-03-16,151.36
2011-03-17,151.59
2011-03-18,151.62
2011-03-21,151.68
2011-03-22,151.69
2011-03-23,151.72
2011-03-24,151.72
2011-03-25,151.73
2011-03-28,151.76
2011-03-29,151.80
2011-03-30,151.87
2011-03-31,151.88
2011-04-01,151.90
2011-04-04,151.95
2011-04-05,152.00
2011-04-06,152.03
2011-04-07,152.09
2011-04-08,152.10
2011-04-11,152.18
2011-04-12,152.22
2011-04-13,152.27
2011-04-14,152.30
2011-04-15,152.31
2011-04-18,152.34
2011-04-19,152.35
2011-04-20,152.38
2011-04-21,152.42
2011-04-25,152.46
2011-04-26,152.51
2011-04-27,152.54
2011-04-28,152.57
2011-04-29,152.58
2011-05-02,152.64
2011-05-03,152.70
2011-05-04,152.75
2011-05-05,152.80
2011-05-06,152.82
2011-05-09,152.89
2011-05-10,152.90
2011-05-11,152.92
2011-05-12,153.03
2011-05-13,153.05
2011-05-16,153.02
2011-05-17,153.26
2011-05-18,153.36
2011-05-19,153.36
2011-05-20,153.38
2011-05-23,153.41
2011-05-24,153.47
2011-05-25,153.54
2011-05-26,153.56
2011-05-27,153.59
2011-05-31,153.60
2011-06-01,153.65
2011-06-02,153.88
2011-06-03,153.91
2011-06-06,154.01
2011-06-07,154.12
2011-06-08,154.18
2011-06-09,154.25
2011-06-10,154.26
2011-06-13,154.39
2011-06-14,154.41
2011-06-15,154.46
2011-06-16,154.53
2011-06-17,154.57
2011-06-20,154.64
2011-06-21,154.64
2011-06-22,154.64
2011-06-23,154.67
2011-06-24,154.70
2011-06-27,154.83
2011-06-28,154.83
2011-06-29,154.84
2011-06-30,154.86
2011-07-01,154.88
2011-07-05,154.88
2011-07-06,154.89
2011-07-07,154.90
2011-07-08,154.93
2011-07-11,154.94
2011-07-12,154.98
2011-07-13,155.08
2011-07-14,155.10
2011-07-15,155.13
2011-07-18,155.17
2011-07-19,155.18
2011-07-20,155.20
2011-07-21,155.30
2011-07-22,155.32
2011-07-25,155.32
2011-07-26,155.33
2011-07-27,155.33
2011-07-28,155.48
2011-07-29,155.51
2011-08-01,155.55
2011-08-02,155.34
2011-08-03,155.68
2011-08-04,155.07
2011-08-05,155.40
2011-08-08,150.92
2011-08-09,151.78
2011-08-10,151.73
2011-08-11,151.73
2011-08-12,151.80
2011-08-15,151.83
2011-08-16,151.84
2011-08-17,151.87
2011-08-18,151.47
2011-08-19,151.42
2011-08-22,151.74
2011-08-23,151.80
2011-08-24,151.90
2011-08-25,151.91
2011-08-26,151.92
2011-08-29,151.92
2011-08-30,151.92
2011-08-31,151.93
2011-09-01,151.95
2011-09-02,151.95
2011-09-06,152.00
2011-09-07,152.04
2011-09-08,152.05
2011-09-09,152.07
2011-09-12,152.13
2011-09-13,152.13
2011-09-14,152.14
2011-09-15,152.14
2011-09-16,152.17
2011-09-19,152.18
2011-09-20,152.18
2011-09-21,152.18
2011-09-22,151.88
2011-09-23,152.25
2011-09-26,152.35
2011-09-27,152.35
2011-09-28,152.37
2011-09-29,152.43
2011-09-30,152.43
2011-10-03,152.50
2011-10-04,152.57
2011-10-05,152.64
2011-10-06,152.64
2011-10-07,152.66
2011-10-10,152.69
2011-10-11,152.68
2011-10-12,152.70
2011-10-13,152.71
2011-10-14,152.74
2011-10-17,152.77
2011-10-18,152.79
2011-10-19,152.82
2011-10-20,152.90
2011-10-21,152.93
2011-10-24,152.95
2011-10-25,152.95
2011-10-26,152.96
2011-10-27,152.97
2011-10-28,153.01
2011-10-31,153.04
2011-11-01,152.96
2011-11-02,153.01
2011-11-03,153.05
2011-11-04,153.09
2011-11-07,153.11
2011-11-08,153.11
2011-11-09,153.12
2011-11-10,153.20
2011-11-11,153.22
2011-11-14,153.23
2011-11-15,153.24
2011-11-16,153.26
2011-11-17,153.23
2011-11-18,153.33
2011-11-21,153.36
2011-11-22,153.41
2011-11-23,153.43
2011-11-25,153.51
2011-11-28,153.56
2011-11-29,153.57
2011-11-30,153.58
2011-12-01,153.59
2011-12-02,153.61
2011-12-05,153.69
2011-12-06,153.73
2011-12-07,153.75
2011-12-08,153.75
2011-12-09,153.76
2011-12-12,153.76
2011-12-13,153.78
2011-12-14,153.80
2011-12-15,153.91
2011-12-16,153.92
2011-12-19,153.94
2011-12-20,153.96
2011-12-21,154.02
2011-12-22,154.04
2011-12-23,154.09
2011-12-27,154.09
2011-12-28,154.10
2011-12-29,154.13
2011-12-30,154.20
2012-01-03,154.20
2012-01-04,154.21
2012-01-05,154.22
2012-01-06,154.23
2012-01-09,154.26
2012-01-10,154.28
2012-01-11,154.33
2012-01-12,154.34
2012-01-13,154.36
2012-01-17,154.37
2012-01-18,154.40
2012-01-19,154.40
2012-01-20,154.42
2012-01-23,154.44
2012-01-24,154.48
2012-01-25,154.48
2012-01-26,154.49
2012-01-27,154.51
2012-01-30,154.53
2012-01-31,154.53
2012-02-01,154.54
2012-02-02,154.55
2012-02-03,154.57
2012-02-06,154.59
2012-02-07,154.61
2012-02-08,154.63
2012-02-09,154.64
2012-02-10,154.66
2012-02-13,154.70
2012-02-14,154.71
2012-02-15,154.74
2012-02-16,154.78
2012-02-17,154.86
2012-02-21,154.89
2012-02-22,154.91
2012-02-23,154.92
2012-02-24,154.95
2012-02-27,155.00
2012-02-28,155.01
2012-02-29,155.03
2012-03-01,155.05
2012-03-02,155.11
2012-03-05,155.13
2012-03-06,155.15
2012-03-07,155.25
2012-03-08,155.26
2012-03-09,155.28
2012-03-12,155.32
2012-03-13,155.34
2012-03-14,155.37
2012-03-15,155.43
2012-03-16,155.45
2012-03-19,155.52
2012-03-20,155.54
2012-03-21,155.58
2012-03-22,155.64
2012-03-23,155.67
2012-03-26,155.75
2012-03-27,155.76
2012-03-28,155.79
2012-03-29,155.86
2012-03-30,155.90
2012-04-02,156.02
2012-04-03,156.02
2012-04-04,156.04
2012-04-05,156.15
2012-04-09,156.19
2012-04-10,156.18
2012-04-11,156.23
2012-04-12,156.24
2012-04-13,156.27
2012-04-16,156.35
2012-04-17,156.43
2012-04-18,156.56
2012-04-19,156.57
2012-04-20,156.60
2012-04-23,156.65
2012-04-24,156.70
2012-04-25,156.70
2012-04-26,156.71
2012-04-27,156.74
2012-04-30,156.78
2012-05-01,156.85
2012-05-02,156.89
2012-05-03,156.89
2012-05-04,156.86
2012-05-07,157.06
2012-05-08,157.10
2012-05-09,157.13
2012-05-10,157.13
2012-05-11,157.14
2012-05-14,157.16
2012-05-15,157.19
2012-05-16,157.20
2012-05-17,157.13
2012-05-18,157.13
2012-05-21,157.33
2012-05-22,157.33
2012-05-23,157.37
2012-05-24,157.37
2012-05-25,157.38
2012-05-29,157.38
2012-05-30,157.39
2012-05-31,157.40
2012-06-01,157.36
2012-06-04,157.61
2012-06-05,157.63
2012-06-06,157.65
2012-06-07,157.65
2012-06-08,157.66
2012-06-11,157.66
2012-06-12,157.84
2012-06-13,157.86
2012-06-14,157.87
2012-06-15,157.89
2012-06-18,157.91
2012-06-19,157.90
2012-06-20,157.91
2012-06-21,157.78
2012-06-22,157.95
2012-06-25,157.94
2012-06-26,158.07
2012-06-27,158.10
2012-06-28,158.11
2012-06-29,158.11
2012-07-02,158.13
2012-07-03,158.16
2012-07-05,158.16
2012-07-06,158.16
2012-07-09,158.26
2012-07-10,158.28
2012-07-11,158.30
2012-07-12,158.33
2012-07-13,158.37
2012-07-16,158.40
2012-07-17,158.41
2012-07-18,158.44
2012-07-19,158.45
2012-07-20,158.45
2012-07-23,158.57
2012-07-24,158.59
2012-07-25,158.64
2012-07-26,158.70
2012-07-27,158.73
2012-07-30,158.75
2012-07-31,158.79
2012-08-01,158.80
2012-08-02,158.87
2012-08-03,158.89
2012-08-06,158.92
2012-08-07,158.95
2012-08-08,159.00
2012-08-09,159.05
2012-08-10,159.06
2012-08-13,159.09
2012-08-14,159.15
2012-08-15,159.18
2012-08-16,159.21
2012-08-17,159.26
2012-08-20,159.33
2012-08-21,159.40
2012-08-22,159.47
2012-08-23,159.50
2012-08-24,159.53
2012-08-27,159.57
2012-08-28,159.65
2012-08-29,159.68
2012-08-30,159.69
2012-08-31,159.75
2012-09-04,159.77
2012-09-05,159.81
2012-09-06,159.83
2012-09-07,159.86
2012-09-10,159.88
2012-09-11,160.05
2012-09-12,160.16
2012-09-13,160.19
2012-09-14,160.25
2012-09-17,160.30
2012-09-18,160.38
2012-09-19,160.41
2012-09-20,160.49
2012-09-21,160.52
2012-09-24,160.61
2012-09-25,160.54
2012-09-26,160.64
2012-09-27,160.85
2012-09-28,160.94
2012-10-01,161.03
2012-10-02,161.15
2012-10-03,161.19
2012-10-04,161.21
2012-10-05,161.25
2012-10-08,161.34
2012-10-09,161.20
2012-10-10,161.41
2012-10-11,161.53
2012-10-12,161.63
2012-10-15,161.66
2012-10-16,161.67
2012-10-17,161.71
2012-10-18,161.71
2012-10-19,161.67
2012-10-22,162.14
2012-10-23,162.16
2012-10-24,162.22
2012-10-25,162.32
2012-10-26,162.36
2012-10-31,162.39
2012-11-01,162.40
2012-11-02,162.46
2012-11-05,162.70
2012-11-06,162.72
2012-11-07,162.72
2012-11-08,162.61
2012-11-09,162.87
2012-11-12,162.92
2012-11-13,162.95
2012-11-14,162.96
2012-11-15,163.09
2012-11-16,163.19
2012-11-19,163.21
2012-11-20,163.21
2012-11-21,163.23
2012-11-23,163.28
2012-11-26,163.33
2012-11-27,163.36
2012-11-28,163.41
2012-11-29,163.41
2012-11-30,163.42
2012-12-03,163.48
2012-12-04,163.60
2012-12-05,163.61
2012-12-06,163.78
2012-12-07,163.80
2012-12-10,163.91
2012-12-11,163.92
2012-12-12,163.95
2012-12-13,163.98
2012-12-14,164.04
2012-12-17,164.13
2012-12-18,164.13
2012-12-19,164.14
2012-12-20,164.22
2012-12-21,164.23
2012-12-24,164.24
2012-12-26,164.30
2012-12-27,164.36
2012-12-28,164.39
2012-12-31,164.40
2013-01-02,164.43
2013-01-03,164.43
2013-01-04,164.46
2013-01-07,164.51
2013-01-08,164.58
2013-01-09,164.61
2013-01-10,164.64
2013-01-11,164.69
2013-01-14,164.73
2013-01-15,164.79
2013-01-16,164.84
2013-01-17,164.88
2013-01-18,164.93
2013-01-22,164.97
2013-01-23,165.05
2013-01-24,164.99
2013-01-25,165.17
2013-01-28,165.26
2013-01-29,165.37
2013-01-30,165.41
2013-01-31,165.53
2013-02-01,165.60
2013-02-04,165.60
2013-02-05,166.01
2013-02-06,166.05
2013-02-07,166.16
2013-02-08,166.19
2013-02-11,166.24
2013-02-12,166.32
2013-02-13,166.39
2013-02-14,166.50
2013-02-15,166.54
2013-02-19,166.76
2013-02-20,166.78
2013-02-21,166.67
2013-02-22,167.24
2013-02-25,167.24
2013-02-26,167.62
2013-02-27,167.79
2013-02-28,167.82
2013-03-01,167.84
2013-03-04,167.86
2013-03-05,167.89
2013-03-06,167.92
2013-03-07,168.07
2013-03-08,168.12
2013-03-11,168.24
2013-03-12,168.31
2013-03-13,168.36
2013-03-14,168.51
2013-03-15,168.57
2013-03-18,168.72
2013-03-19,168.86
2013-03-20,168.94
2013-03-21,168.94
2013-03-22,169.09
2013-03-25,169.14
2013-03-26,169.36
2013-03-27,169.43
2013-03-28,169.50
2013-04-01,169.54
2013-04-02,169.79
2013-04-03,169.81
2013-04-04,170.02
2013-04-05,170.10
2013-04-08,170.20
2013-04-09,170.24
2013-04-10,170.28
2013-04-11,170.29
2013-04-12,170.31
2013-04-15,170.26
2013-04-16,170.81
2013-04-17,170.73
2013-04-18,170.50
2013-04-19,171.11
2013-04-22,171.14
2013-04-23,171.16
2013-04-24,171.18
2013-04-25,171.26
2013-04-26,171.27
2013-04-29,171.36
2013-04-30,171.39
2013-05-01,171.44
2013-05-02,171.58
2013-05-03,171.59
2013-05-06,171.65
2013-05-07,171.73
2013-05-08,171.78
2013-05-09,171.84
2013-05-10,171.87
2013-05-13,171.93
2013-05-14,172.03
2013-05-15,172.06
2013-05-16,172.12
2013-05-17,172.15
2013-05-20,172.21
2013-05-21,172.35
2013-05-22,172.36
2013-05-23,172.51
2013-05-24,172.62
2013-05-28,172.69
2013-05-29,172.85
2013-05-30,172.96
2013-05-31,172.97
2013-06-03,173.13
2013-06-04,173.19
2013-06-05,173.18
2013-06-06,173.38
2013-06-07,173.41
2013-06-10,173.43
2013-06-11,173.44
2013-06-12,173.46
2013-06-13,173.83
2013-06-14,173.86
2013-06-17,173.97
2013-06-18,173.99
2013-06-19,174.04
2013-06-20,173.51
2013-06-21,173.69
2013-06-24,173.66
2013-06-25,173.78
2013-06-26,173.87
2013-06-27,173.88
2013-06-28,173.92
2013-07-01,173.96
2013-07-02,174.04
2013-07-03,174.06
2013-07-05,174.11
2013-07-08,174.17
2013-07-09,174.31
2013-07-10,174.35
2013-07-11,174.37
2013-07-12,174.42
2013-07-15,174.49
2013-07-16,174.59
2013-07-17,174.64
2013-07-18,174.74
2013-07-19,174.76
2013-07-22,174.89
2013-07-23,174.94
2013-07-24,175.08
2013-07-25,175.33
2013-07-26,175.39
2013-07-29,175.43
2013-07-30,175.58
2013-07-31,175.63
2013-08-01,175.79
2013-08-02,175.81
2013-08-05,175.86
2013-08-06,175.92
2013-08-07,176.00
2013-08-08,176.17
2013-08-09,176.21
2013-08-12,176.35
2013-08-13,176.47
2013-08-14,176.48
2013-08-15,176.23
2013-08-16,176.61
2013-08-19,176.78
2013-08-20,176.97
2013-08-21,177.01
2013-08-22,177.12
2013-08-23,177.14
2013-08-26,177.22
2013-08-27,176.98
2013-08-28,177.30
2013-08-29,177.39
2013-08-30,177.43
2013-09-03,177.48
2013-09-04,177.58
2013-09-05,177.59
2013-09-06,177.61
2013-09-09,177.70
2013-09-10,177.72
2013-09-11,177.75
2013-09-12,177.81
2013-09-13,177.82
2013-09-16,177.90
2013-09-17,178.16
2013-09-18,178.23
2013-09-19,178.25
2013-09-20,178.29
2013-09-23,178.44
2013-09-24,178.65
2013-09-25,178.75
2013-09-26,178.97
2013-09-27,179.02
2013-09-30,179.06
2013-10-01,179.10
2013-10-02,179.14
2013-10-03,179.15
2013-10-04,179.18
2013-10-07,179.21
2013-10-08,179.11
2013-10-09,179.21
2013-10-10,179.26
2013-10-11,179.33
2013-10-14,179.35
2013-10-15,179.36
2013-10-16,179.37
2013-10-17,179.38
2013-10-18,179.39
2013-10-21,179.44
2013-10-22,179.56
2013-10-23,179.59
2013-10-24,179.73
2013-10-25,179.75
2013-10-28,179.86
2013-10-29,179.99
2013-10-30,180.02
2013-10-31,180.12
2013-11-01,180.21
2013-11-04,180.33
2013-11-05,180.45
2013-11-06,180.49
2013-11-07,180.27
2013-11-08,180.65
2013-11-11,180.70
2013-11-12,180.80
2013-11-13,180.85
2013-11-14,180.86
2013-11-15,180.88
2013-11-18,180.92
2013-11-19,181.08
2013-11-20,181.25
2013-11-21,181.56
2013-11-22,181.58
2013-11-25,181.66
2013-11-26,181.82
2013-11-27,181.87
2013-11-29,181.96
2013-12-02,182.06
2013-12-03,182.21
2013-12-04,182.29
2013-12-05,182.37
2013-12-06,182.39
2013-12-09,182.47
2013-12-10,182.56
2013-12-11,182.56
2013-12-12,182.74
2013-12-13,182.90
2013-12-16,183.04
2013-12-17,183.12
2013-12-18,183.15
2013-12-19,183.16
2013-12-20,183.18
2013-12-23,183.21
2013-12-24,183.29
2013-12-26,183.35
2013-12-27,183.39
2013-12-30,183.53
2013-12-31,183.66
2014-01-02,183.70
2014-01-03,183.75
2014-01-06,183.86
2014-01-07,184.03
2014-01-08,184.05
2014-01-09,184.10
2014-01-10,184.15
2014-01-13,184.15
2014-01-14,184.53
2014-01-15,184.63
2014-01-16,184.71
2014-01-17,184.73
2014-01-21,184.92
2014-01-22,184.96
2014-01-23,185.02
2014-01-24,184.98
2014-01-27,185.18
2014-01-28,185.38
2014-01-29,185.44
2014-01-30,185.53
2014-01-31,185.59
2014-02-03,185.60
2014-02-04,185.88
2014-02-05,185.94
2014-02-06,185.96
2014-02-07,186.01
2014-02-10,186.03
2014-02-11,186.05
2014-02-12,186.08
2014-02-13,186.17
2014-02-14,186.18
2014-02-18,186.22
2014-02-19,186.28
2014-02-20,186.42
2014-02-21,186.45
2014-02-24,186.58
2014-02-25,186.64
2014-02-26,186.66
2014-02-27,186.80
2014-02-28,186.83
2014-03-03,186.89
2014-03-04,186.96
2014-03-05,187.06
2014-03-06,187.12
2014-03-07,187.15
2014-03-10,187.33
2014-03-11,187.41
2014-03-12,187.48
2014-03-13,187.46
2014-03-14,187.52
2014-03-17,187.62
2014-03-18,187.64
2014-03-19,187.67
2014-03-20,187.80
2014-03-21,187.81
2014-03-24,187.99
2014-03-25,188.26
2014-03-26,188.27
2014-03-27,188.39
2014-03-28,188.65
2014-03-31,188.72
2014-04-01,188.75
2014-04-02,188.80
2014-04-03,188.83
2014-04-04,188.72
2014-04-07,188.40
2014-04-08,188.75
2014-04-09,188.93
2014-04-10,188.82
2014-04-11,188.89
2014-04-14,188.99
2014-04-15,189.00
2014-04-16,189.02
2014-04-17,189.03
2014-04-21,189.03
2014-04-22,189.05
2014-04-23,189.07
2014-04-24,189.21
2014-04-25,189.21
2014-04-28,189.37
2014-04-29,189.40
2014-04-30,189.45
2014-05-01,189.46
2014-05-02,189.47
2014-05-05,189.58
2014-05-06,189.57
2014-05-07,189.60
2014-05-08,189.68
2014-05-09,189.73
2014-05-12,189.75
2014-05-13,189.76
2014-05-14,189.79
2014-05-15,189.83
2014-05-16,189.93
2014-05-19,189.98
2014-05-20,190.00
2014-05-21,190.03
2014-05-22,190.05
2014-05-23,190.10
2014-05-27,190.15
2014-05-28,190.21
2014-05-29,190.36
2014-05-30,190.39
2014-06-02,190.49
2014-06-03,190.62
2014-06-04,190.70
2014-06-05,190.74
2014-06-06,190.81
2014-06-09,190.89
2014-06-10,191.04
2014-06-11,191.09
2014-06-12,191.12
2014-06-13,191.23
2014-06-16,191.36
2014-06-17,191.47
2014-06-18,191.53
2014-06-19,191.61
2014-06-20,191.64
2014-06-23,191.76
2014-06-24,191.90
2014-06-25,192.00
2014-06-26,192.09
2014-06-27,192.11
2014-06-30,192.20
2014-07-01,192.40
2014-07-02,192.43
2014-07-03,192.57
2014-07-07,192.67
2014-07-08,192.59
2014-07-09,192.91
2014-07-10,193.01
2014-07-11,193.09
2014-07-14,193.16
2014-07-15,193.23
2014-07-16,193.31
2014-07-17,193.24
2014-07-18,193.48
2014-07-21,193.52
2014-07-22,193.66
2014-07-23,193.70
2014-07-24,193.79
2014-07-25,193.83
2014-07-28,193.93
2014-07-29,194.05
2014-07-30,194.13
2014-07-31,193.84
2014-08-01,194.16
2014-08-04,194.35
2014-08-05,194.38
2014-08-06,194.43
2014-08-07,194.46
2014-08-08,194.48
2014-08-11,194.51
2014-08-12,194.55
2014-08-13,194.57
2014-08-14,194.63
2014-08-15,194.64
2014-08-18,194.78
2014-08-19,194.90
2014-08-20,194.94
2014-08-21,195.06
2014-08-22,195.11
2014-08-25,195.24
2014-08-26,195.41
2014-08-27,195.49
2014-08-28,195.62
2014-08-29,195.72
2014-09-02,195.92
2014-09-03,195.97
2014-09-04,196.15
2014-09-05,196.30
2014-09-08,196.37
2014-09-09,196.41
2014-09-10,196.54
2014-09-11,196.61
2014-09-12,196.62
2014-09-15,196.69
2014-09-16,197.01
2014-09-17,197.07
2014-09-18,197.18
2014-09-19,197.20
2014-09-22,197.27
2014-09-23,197.44
2014-09-24,197.63
2014-09-25,197.54
2014-09-26,197.69
2014-09-29,197.71
2014-09-30,197.72
2014-10-01,197.73
2014-10-02,197.87
2014-10-03,197.93
2014-10-06,197.96
2014-10-07,197.91
2014-10-08,198.08
2014-10-09,198.08
2014-10-10,198.04
2014-10-13,197.85
2014-10-14,198.04
2014-10-15,198.11
2014-10-16,198.15
2014-10-17,198.16
2014-10-20,198.18
2014-10-21,198.18
2014-10-22,198.18
2014-10-23,198.23
2014-10-24,198.31
2014-10-27,198.33
2014-10-28,198.35
2014-10-29,198.38
2014-10-30,198.45
2014-10-31,198.46
2014-11-03,198.54
2014-11-04,198.60
2014-11-05,198.63
2014-11-06,198.75
2014-11-07,198.79
2014-11-10,198.88
2014-11-11,198.96
2014-11-12,199.00
2014-11-13,199.07
2014-11-14,199.09
2014-11-17,199.15
2014-11-18,199.27
2014-11-19,199.29
2014-11-20,199.41
2014-11-21,199.44
2014-11-24,199.63
2014-11-25,199.71
2014-11-26,199.74
2014-11-28,199.81
2014-12-01,199.85
2014-12-02,200.09
2014-12-03,200.17
2014-12-04,200.26
2014-12-05,200.29
2014-12-08,200.34
2014-12-09,200.55
2014-12-10,200.51
2014-12-11,200.81
2014-12-12,200.83
2014-12-15,200.88
2014-12-16,200.79
2014-12-17,201.04
2014-12-18,201.04
2014-12-19,201.04
2014-12-22,201.08
2014-12-23,201.11
2014-12-24,201.13
2014-12-26,201.20
2014-12-29,201.25
2014-12-30,201.29
2014-12-31,201.30
2015-01-02,201.57
2015-01-05,201.57
2015-01-06,201.55
2015-01-07,201.77
2015-01-08,201.77
2015-01-09,201.79
2015-01-12,201.86
2015-01-13,202.00
2015-01-14,202.04
2015-01-15,202.03
2015-01-16,202.11
2015-01-20,202.11
2015-01-21,202.13
2015-01-22,202.14
2015-01-23,202.15
2015-01-26,202.19
2015-01-27,201.95
2015-01-28,202.13
2015-01-29,202.52
2015-01-30,202.55
2015-02-02,202.64
2015-02-03,202.65
2015-02-04,202.66
2015-02-05,202.67
2015-02-06,202.69
2015-02-09,202.77
2015-02-10,202.81
2015-02-11,202.85
2015-02-12,202.88
2015-02-13,202.91
2015-02-17,202.94
2015-02-18,202.98
2015-02-19,203.05
2015-02-20,203.06
2015-02-23,203.09
2015-02-24,203.17
2015-02-25,203.20
2015-02-26,203.32
2015-02-27,203.35
2015-03-02,203.51
2015-03-03,203.56
2015-03-04,203.59
2015-03-05,203.69
2015-03-06,203.70
2015-03-09,203.90
2015-03-10,203.77
2015-03-11,203.91
2015-03-12,204.12
2015-03-13,204.14
2015-03-16,204.22
2015-03-17,204.24
2015-03-18,204.26
2015-03-19,204.27
2015-03-20,204.28
2015-03-23,204.37
2015-03-24,204.48
2015-03-25,204.33
2015-03-26,204.56
2015-03-27,205.20
2015-03-30,205.34
2015-03-31,205.36
2015-04-01,205.39
2015-04-02,205.48
2015-04-06,205.54
2015-04-07,205.55
2015-04-08,205.56
2015-04-09,205.58
2015-04-10,205.61
2015-04-13,205.65
2015-04-14,205.77
2015-04-15,205.87
2015-04-16,205.94
2015-04-17,205.94
2015-04-20,206.15
2015-04-21,206.17
2015-04-22,206.21
2015-04-23,206.29
2015-04-24,206.30
2015-04-27,206.37
2015-04-28,206.50
2015-04-29,206.55
2015-04-30,206.41
2015-05-01,206.75
2015-05-04,206.77
2015-05-05,206.67
2015-05-06,206.79
2015-05-07,207.04
2015-05-08,207.10
2015-05-11,207.13
2015-05-12,207.21
2015-05-13,207.29
2015-05-14,207.33
2015-05-15,207.42
2015-05-18,207.55
2015-05-19,207.62
2015-05-20,207.66
2015-05-21,207.79
2015-05-22,207.82
2015-05-26,207.91
2015-05-27,208.01
2015-05-28,208.05
2015-05-29,208.06
2015-06-01,208.21
2015-06-02,208.31
2015-06-03,208.38
2015-06-04,208.44
2015-06-05,208.52
2015-06-08,208.55
2015-06-09,208.74
2015-06-10,208.86
2015-06-11,208.88
2015-06-12,208.90
2015-06-15,208.99
2015-06-16,209.11
2015-06-17,209.13
2015-06-18,209.17
2015-06-19,209.22
2015-06-22,209.40
2015-06-23,209.52
2015-06-24,209.54
2015-06-25,209.67
2015-06-26,209.74
2015-06-29,209.15
2015-06-30,209.59
2015-07-01,209.81
2015-07-02,209.86
2015-07-06,209.88
2015-07-07,209.90
2015-07-08,209.91
2015-07-09,210.03
2015-07-10,210.07
2015-07-13,210.09
2015-07-14,210.10
2015-07-15,210.13
2015-07-16,210.27
2015-07-17,210.28
2015-07-20,210.36
2015-07-21,210.47
2015-07-22,210.48
2015-07-23,210.57
2015-07-24,210.60
2015-07-27,210.74
2015-07-28,211.04
2015-07-29,211.09
2015-07-30,211.18
2015-07-31,211.19
2015-08-03,211.32
2015-08-04,211.44
2015-08-05,211.55
2015-08-06,211.49
2015-08-07,211.62
2015-08-10,211.71
2015-08-11,211.71
2015-08-12,211.76
2015-08-13,211.78
2015-08-14,211.80
2015-08-17,211.84
2015-08-18,211.86
2015-08-19,211.86
2015-08-20,211.38
2015-08-21,206.68
2015-08-24,201.58
2015-08-25,201.55
2015-08-26,204.40
2015-08-27,204.44
2015-08-28,204.44
2015-08-31,204.45
2015-09-01,204.34
2015-09-02,204.49
2015-09-03,204.50
2015-09-04,204.52
2015-09-08,204.52
2015-09-09,204.54
2015-09-10,204.71
2015-09-11,204.73
2015-09-14,204.76
2015-09-15,204.79
2015-09-16,204.84
2015-09-17,204.84
2015-09-18,204.85
2015-09-21,204.88
2015-09-22,204.88
2015-09-23,204.90
2015-09-24,204.91
2015-09-25,204.92
2015-09-28,204.22
2015-09-29,204.42
2015-09-30,204.74
2015-10-01,204.75
2015-10-02,204.76
2015-10-05,204.76
2015-10-06,204.76
2015-10-07,204.76
2015-10-08,204.78
2015-10-09,204.79
2015-10-12,204.81
2015-10-13,204.83
2015-10-14,204.85
2015-10-15,204.86
2015-10-16,204.90
2015-10-19,204.94
2015-10-20,204.96
2015-10-21,204.97
2015-10-22,205.03
2015-10-23,205.14
2015-10-26,205.20
2015-10-27,205.27
2015-10-28,205.30
2015-10-29,205.32
2015-10-30,205.33
2015-11-02,205.43
2015-11-03,205.45
2015-11-04,205.47
2015-11-05,205.53
2015-11-06,205.57
2015-11-09,205.58
2015-11-10,205.69
2015-11-11,205.75
2015-11-12,205.77
2015-11-13,205.73
2015-11-16,206.02
2015-11-17,206.04
2015-11-18,206.04
2015-11-19,206.05
2015-11-20,206.05
2015-11-23,206.08
2015-11-24,206.15
2015-11-25,206.19
2015-11-27,206.25
2015-11-30,206.31
2015-12-01,206.44
2015-12-02,206.46
2015-12-03,206.34
2015-12-04,206.60
2015-12-07,206.60
2015-12-08,206.69
2015-12-09,206.68
2015-12-10,206.84
2015-12-11,206.78
2015-12-14,206.96
2015-12-15,206.97
2015-12-16,206.98
2015-12-17,206.98
2015-12-18,206.98
2015-12-21,207.13
2015-12-22,207.14
2015-12-23,207.15
2015-12-24,207.19
2015-12-28,207.22
2015-12-29,207.23
2015-12-30,207.26
2015-12-31,207.32
2016-01-04,207.36
2016-01-05,207.48
2016-01-06,207.58
2016-01-07,207.44
2016-01-08,207.47
2016-01-11,207.69
2016-01-12,207.73
2016-01-13,207.76
2016-01-14,208.15
2016-01-15,208.00
2016-01-19,208.16
2016-01-20,208.21
2016-01-21,208.22
2016-01-22,208.23
2016-01-25,208.25
2016-01-26,208.35
2016-01-27,208.34
2016-01-28,208.52
2016-01-29,208.54
2016-02-01,208.55
2016-02-02,208.53
2016-02-03,208.53
2016-02-04,208.65
2016-02-05,208.56
2016-02-08,208.48
2016-02-09,208.60
2016-02-10,208.71
2016-02-11,208.78
2016-02-12,208.81
2016-02-16,208.82
2016-02-17,208.83
2016-02-18,208.83
2016-02-19,208.84
2016-02-22,208.84
2016-02-23,208.84
2016-02-24,208.85
2016-02-25,208.85
2016-02-26,208.86
2016-02-29,208.90
2016-03-01,208.90
2016-03-02,208.93
2016-03-03,208.96
2016-03-04,208.99
2016-03-07,209.03
2016-03-08,209.05
2016-03-09,209.08
2016-03-10,209.09
2016-03-11,209.09
2016-03-14,209.11
2016-03-15,209.12
2016-03-16,209.13
2016-03-17,209.14
2016-03-18,209.14
2016-03-21,209.19
2016-03-22,209.23
2016-03-23,209.24
2016-03-24,209.34
2016-03-28,209.43
2016-03-29,209.47
2016-03-30,209.54
2016-03-31,209.60
2016-04-01,209.62
2016-04-04,209.63
2016-04-05,209.65
2016-04-06,209.77
2016-04-07,209.77
2016-04-08,209.78
2016-04-11,209.85
2016-04-12,209.96
2016-04-13,209.98
2016-04-14,210.01
2016-04-15,210.02
2016-04-18,210.10
2016-04-19,210.13
2016-04-20,210.16
2016-04-21,210.23
2016-04-22,210.23
2016-04-25,210.30
2016-04-26,210.36
2016-04-27,210.37
2016-04-28,210.38
2016-04-29,210.44
2016-05-02,210.54
2016-05-03,210.56
2016-05-04,210.57
2016-05-05,210.61
2016-05-06,210.62
2016-05-09,210.63
2016-05-10,210.66
2016-05-11,210.69
2016-05-12,210.77
2016-05-13,210.84
2016-05-16,210.94
2016-05-17,210.94
2016-05-18,210.97
2016-05-19,211.00
2016-05-20,211.01
2016-05-23,211.03
2016-05-24,211.08
2016-05-25,211.15
2016-05-26,211.21
2016-05-27,211.24
2016-05-31,211.28
2016-06-01,211.34
2016-06-02,211.42
2016-06-03,211.43
2016-06-06,211.54
2016-06-07,211.62
2016-06-08,211.66
2016-06-09,211.75
2016-06-10,211.76
2016-06-13,211.82
2016-06-14,211.95
2016-06-15,211.97
2016-06-16,212.05
2016-06-17,212.06
2016-06-20,212.13
2016-06-21,212.20
2016-06-22,212.22
2016-06-23,212.23
2016-06-24,212.23
2016-06-27,212.18
2016-06-28,212.29
2016-06-29,212.36
2016-06-30,212.38
2016-07-01,212.40
2016-07-05,212.41
2016-07-06,212.44
2016-07-07,212.44
2016-07-08,212.45
2016-07-11,212.48
2016-07-12,212.55
2016-07-13,212.56
2016-07-14,212.71
2016-07-15,212.74
2016-07-18,212.86
2016-07-19,212.93
2016-07-20,212.98
2016-07-21,213.03
2016-07-22,213.06
2016-07-25,213.11
2016-07-26,213.22
2016-07-27,213.26
2016-07-28,213.36
2016-07-29,213.37
2016-08-01,213.48
2016-08-02,213.51
2016-08-03,213.58
2016-08-04,213.67
2016-08-05,213.68
2016-08-08,213.73
2016-08-09,213.87
2016-08-10,213.91
2016-08-11,214.08
2016-08-12,214.12
2016-08-15,214.19
2016-08-16,214.25
2016-08-17,214.32
2016-08-18,214.42
2016-08-19,214.45
2016-08-22,214.53
2016-08-23,214.65
2016-08-24,214.67
2016-08-25,214.82
2016-08-26,214.92
2016-08-29,215.00
2016-08-30,215.08
2016-08-31,215.12
2016-09-01,215.21
2016-09-02,215.26
2016-09-06,215.32
2016-09-07,215.41
2016-09-08,215.47
2016-09-09,215.34
2016-09-12,215.99
2016-09-13,216.01
2016-09-14,216.03
2016-09-15,216.04
2016-09-16,216.07
2016-09-19,216.11
2016-09-20,216.28
2016-09-21,216.36
2016-09-22,216.38
2016-09-23,216.41
2016-09-26,216.50
2016-09-27,216.76
2016-09-28,216.79
2016-09-29,216.84
2016-09-30,216.91
2016-10-03,216.95
2016-10-04,217.03
2016-10-05,217.07
2016-10-06,217.14
2016-10-07,217.16
2016-10-10,217.27
2016-10-11,217.22
2016-10-12,217.33
2016-10-13,217.42
2016-10-14,217.47
2016-10-17,217.53
2016-10-18,217.62
2016-10-19,217.64
2016-10-20,217.70
2016-10-21,217.71
2016-10-24,217.78
2016-10-25,217.82
2016-10-26,217.84
2016-10-27,217.90
2016-10-28,217.94
2016-10-31,218.02
2016-11-01,218.06
2016-11-02,218.08
2016-11-03,218.11
2016-11-04,218.20
2016-11-07,218.21
2016-11-08,218.22
2016-11-09,218.23
2016-11-10,218.23
2016-11-11,218.25
2016-11-14,218.26
2016-11-15,218.38
2016-11-16,218.40
2016-11-17,218.41
2016-11-18,218.42
2016-11-21,218.54
2016-11-22,218.59
2016-11-23,218.61
2016-11-25,218.75
2016-11-28,218.82
2016-11-29,218.96
2016-11-30,218.96
2016-12-01,218.65
2016-12-02,219.20
2016-12-05,219.38
2016-12-06,219.45
2016-12-07,219.46
2016-12-08,219.47
2016-12-09,219.48
2016-12-12,219.53
2016-12-13,219.69
2016-12-14,219.72
2016-12-15,219.86
2016-12-16,219.91
2016-12-19,220.08
2016-12-20,220.22
2016-12-21,220.25
2016-12-22,220.34
2016-12-23,220.42
2016-12-27,220.59
2016-12-28,220.63
2016-12-29,220.77
2016-12-30,220.79
2017-01-03,221.23
2017-01-04,221.28
2017-01-05,221.34
2017-01-06,221.35
2017-01-09,221.40
2017-01-10,221.50
2017-01-11,221.54
2017-01-12,221.61
2017-01-13,221.65
2017-01-17,221.78
2017-01-18,221.82
2017-01-19,221.91
2017-01-20,221.96
2017-01-23,222.07
2017-01-24,222.23
2017-01-25,222.27
2017-01-26,222.37
2017-01-27,222.42
2017-01-30,222.49
2017-01-31,222.66
2017-02-01,222.83
2017-02-02,222.95
2017-02-03,223.01
2017-02-06,223.10
2017-02-07,223.24
2017-02-08,223.28
2017-02-09,223.39
2017-02-10,223.43
2017-02-13,223.55
2017-02-14,223.69
2017-02-15,223.75
2017-02-16,223.84
2017-02-17,223.90
2017-02-21,224.05
2017-02-22,224.08
2017-02-23,224.16
2017-02-24,224.24
2017-02-27,224.30
2017-02-28,224.39
2017-03-01,224.47
2017-03-02,224.54
2017-03-03,224.59
2017-03-06,224.66
2017-03-07,224.81
2017-03-08,224.90
2017-03-09,225.05
2017-03-10,225.12
2017-03-13,225.26
2017-03-14,225.39
2017-03-15,225.50
2017-03-16,225.62
2017-03-17,225.68
2017-03-20,225.85
2017-03-21,225.64
2017-03-22,226.09
2017-03-23,226.23
2017-03-24,226.32
2017-03-27,226.46
2017-03-28,226.57
2017-03-29,226.59
2017-03-30,226.71
2017-03-31,226.75
2017-04-03,226.87
2017-04-04,227.08
2017-04-05,227.14
2017-04-06,227.38
2017-04-07,227.49
2017-04-10,227.63
2017-04-11,227.74
2017-04-12,227.82
2017-04-13,227.93
2017-04-17,228.11
2017-04-18,228.15
2017-04-19,228.18
2017-04-20,228.30
2017-04-21,228.32
2017-04-24,228.43
2017-04-25,228.54
2017-04-26,228.56
2017-04-27,228.76
2017-04-28,228.82
2017-05-01,229.05
2017-05-02,229.21
2017-05-03,229.24
2017-05-04,229.39
2017-05-05,229.45
2017-05-08,229.58
2017-05-09,229.75
2017-05-10,229.80
2017-05-11,229.93
2017-05-12,230.00
2017-05-15,230.13
2017-05-16,230.28
2017-05-17,230.15
2017-05-18,230.79
2017-05-19,231.01
2017-05-22,231.10
2017-05-23,231.18
2017-05-24,231.21
2017-05-25,231.36
2017-05-26,231.39
2017-05-30,231.58
2017-05-31,231.61
2017-06-01,231.81
2017-06-02,231.88
2017-06-05,231.93
2017-06-06,232.03
2017-06-07,232.13
2017-06-08,232.26
2017-06-09,232.17
2017-06-12,232.16
2017-06-13,232.46
2017-06-14,232.56
2017-06-15,232.67
2017-06-16,232.81
2017-06-19,232.93
2017-06-20,232.95
2017-06-21,232.98
2017-06-22,233.03
2017-06-23,233.04
2017-06-26,233.08
2017-06-27,232.75
2017-06-28,233.33
2017-06-29,233.26
2017-06-30,233.38
2017-07-03,233.45
2017-07-05,233.71
2017-07-06,233.73
2017-07-07,233.74
2017-07-10,233.77
2017-07-11,233.81
2017-07-12,233.81
2017-07-13,233.87
2017-07-14,233.88
2017-07-17,233.94
2017-07-18,234.09
2017-07-19,234.13
2017-07-20,234.22
2017-07-21,234.25
2017-07-24,234.32
2017-07-25,234.40
2017-07-26,234.44
2017-07-27,234.50
2017-07-28,234.57
2017-07-31,234.61
2017-08-01,234.78
2017-08-02,234.83
2017-08-03,234.92
2017-08-04,234.99
2017-08-07,235.09
2017-08-08,235.17
2017-08-09,235.21
2017-08-10,235.06
2017-08-11,235.27
2017-08-14,235.30
2017-08-15,235.33
2017-08-16,235.34
2017-08-17,235.13
2017-08-18,235.39
2017-08-21,235.50
2017-08-22,235.56
2017-08-23,235.61
2017-08-24,235.67
2017-08-25,235.71
2017-08-28,235.82
2017-08-29,235.94
2017-08-30,235.97
2017-08-31,235.99
2017-09-01,236.02
2017-09-05,236.12
2017-09-06,236.18
2017-09-07,236.28
2017-09-08,236.29
2017-09-11,236.46
2017-09-12,236.53
2017-09-13,236.55
2017-09-14,236.60
2017-09-15,236.67
2017-09-18,236.74
2017-09-19,236.92
2017-09-20,236.99
2017-09-21,237.06
2017-09-22,237.20
2017-09-25,237.23
2017-09-26,237.48
2017-09-27,237.58
2017-09-28,237.64
2017-09-29,237.67
2017-10-02,237.71
2017-10-03,237.84
2017-10-04,237.89
2017-10-05,238.01
2017-10-06,238.03
2017-10-09,238.10
2017-10-10,238.26
2017-10-11,238.33
2017-10-12,238.41
2017-10-13,238.45
2017-10-16,238.55
2017-10-17,238.67
2017-10-18,238.70
2017-10-19,238.80
2017-10-20,238.88
2017-10-23,238.94
2017-10-24,239.17
2017-10-25,239.23
2017-10-26,239.35
2017-10-27,239.40
2017-10-30,239.44
2017-10-31,239.53
2017-11-01,239.55
2017-11-02,239.65
2017-11-03,239.73
2017-11-06,239.78
2017-11-07,239.87
2017-11-08,239.91
2017-11-09,239.97
2017-11-10,240.01
2017-11-13,240.08
2017-11-14,240.14
2017-11-15,240.16
2017-11-16,240.29
2017-11-17,240.31
2017-11-20,240.43
2017-11-21,240.65
2017-11-22,240.67
2017-11-24,240.85
2017-11-27,240.94
2017-11-28,241.12
2017-11-29,241.07
2017-11-30,241.58
2017-12-01,241.68
2017-12-04,241.70
2017-12-05,241.95
2017-12-06,242.12
2017-12-07,242.16
2017-12-08,242.19
2017-12-11,242.29
2017-12-12,242.35
2017-12-13,242.38
2017-12-14,242.50
2017-12-15,242.59
2017-12-18,242.66
2017-12-19,242.73
2017-12-20,242.82
2017-12-21,243.01
2017-12-22,243.09
2017-12-26,243.31
2017-12-27,243.37
2017-12-28,243.51
2017-12-29,243.52
2018-01-02,243.64
2018-01-03,243.83
2018-01-04,243.88
2018-01-05,243.89
2018-01-08,243.95
2018-01-09,244.03
2018-01-10,244.07
2018-01-11,244.17
2018-01-12,244.21
2018-01-16,244.28
2018-01-17,244.29
2018-01-18,244.33
2018-01-19,244.34
2018-01-22,244.39
2018-01-23,244.41
2018-01-24,244.43
2018-01-25,244.54
2018-01-26,244.58
2018-01-29,244.60
2018-01-30,244.63
2018-01-31,244.68
2018-02-01,244.72
2018-02-02,244.71
2018-02-05,241.96
2018-02-06,242.96
2018-02-07,242.91
2018-02-08,241.86
2018-02-09,243.03
2018-02-12,243.11
2018-02-13,243.11
2018-02-14,243.12
2018-02-15,243.12
2018-02-16,243.13
2018-02-20,243.15
2018-02-21,243.18
2018-02-22,243.23
2018-02-23,243.23
2018-02-26,243.23
2018-02-27,243.24
2018-02-28,243.25
2018-03-01,243.19
2018-03-02,243.41
2018-03-05,243.43
2018-03-06,243.44
2018-03-07,243.44
2018-03-08,243.44
2018-03-09,243.45
2018-03-12,243.46
2018-03-13,243.46
2018-03-14,243.50
2018-03-15,243.57
2018-03-16,243.59
2018-03-19,243.55
2018-03-20,243.77
2018-03-21,243.81
2018-03-22,243.62
2018-03-23,242.51
2018-03-26,243.31
2018-03-27,243.27
2018-03-28,243.31
2018-03-29,243.34
2018-04-02,243.36
2018-04-03,243.51
2018-04-04,243.54
2018-04-05,243.54
2018-04-06,243.54
2018-04-09,243.66
2018-04-10,243.69
2018-04-11,243.72
2018-04-12,243.74
2018-04-13,243.77
2018-04-16,243.82
2018-04-17,243.83
2018-04-18,243.85
2018-04-19,243.87
2018-04-20,243.87
2018-04-23,244.00
2018-04-24,243.86
2018-04-25,244.06
2018-04-26,244.08
2018-04-27,244.12
2018-04-30,244.23
2018-05-01,244.37
2018-05-02,244.38
2018-05-03,244.45
2018-05-04,244.45
2018-05-07,244.46
2018-05-08,244.48
2018-05-09,244.50
2018-05-10,244.51
2018-05-11,244.52
2018-05-14,244.58
2018-05-15,244.58
2018-05-16,244.69
2018-05-17,244.73
2018-05-18,244.74
2018-05-21,244.81
2018-05-22,244.87
2018-05-23,244.91
2018-05-24,244.92
2018-05-25,244.94
2018-05-29,245.02
2018-05-30,245.04
2018-05-31,245.08
2018-06-01,245.08
2018-06-04,245.10
2018-06-05,245.16
2018-06-06,245.18
2018-06-07,245.20
2018-06-08,245.25
2018-06-11,245.29
2018-06-12,245.36
2018-06-13,245.37
2018-06-14,245.49
2018-06-15,245.50
2018-06-18,245.55
2018-06-19,245.60
2018-06-20,245.63
2018-06-21,245.65
2018-06-22,245.68
2018-06-25,245.65
2018-06-26,245.86
2018-06-27,245.83
2018-06-28,246.09
2018-06-29,246.12
2018-07-02,246.15
2018-07-03,246.16
2018-07-05,246.16
2018-07-06,246.16
2018-07-09,246.18
2018-07-10,246.21
2018-07-11,246.21
2018-07-12,246.23
2018-07-13,246.26
2018-07-16,246.31
2018-07-17,246.41
2018-07-18,246.43
2018-07-19,246.48
2018-07-20,246.53
2018-07-23,246.61
2018-07-24,246.66
2018-07-25,246.66
2018-07-26,246.66
2018-07-27,246.67
2018-07-30,246.35
2018-07-31,246.66
2018-08-01,246.76
2018-08-02,246.77
2018-08-03,246.81
2018-08-06,246.87
2018-08-07,246.93
2018-08-08,246.94
2018-08-09,247.02
2018-08-10,247.04
2018-08-13,247.12
2018-08-14,247.25
2018-08-15,247.25
2018-08-16,247.39
2018-08-17,247.43
2018-08-20,247.47
2018-08-21,247.58
2018-08-22,247.61
2018-08-23,247.66
2018-08-24,247.67
2018-08-27,247.72
2018-08-28,247.78
2018-08-29,247.81
2018-08-30,247.84
2018-08-31,247.86
2018-09-04,247.94
2018-09-05,247.93
2018-09-06,247.96
2018-09-07,248.09
2018-09-10,248.14
2018-09-11,248.18
2018-09-12,248.21
2018-09-13,248.28
2018-09-14,248.28
2018-09-17,248.29
2018-09-18,248.57
2018-09-19,248.61
2018-09-20,248.69
2018-09-21,248.71
2018-09-24,248.83
2018-09-25,248.89
2018-09-26,248.90
2018-09-27,248.97
2018-09-28,248.98
2018-10-01,249.02
2018-10-02,249.10
2018-10-03,249.14
2018-10-04,249.01
2018-10-05,249.08
2018-10-08,249.26
2018-10-09,249.37
2018-10-10,248.58
2018-10-11,248.32
2018-10-12,249.38
2018-10-15,249.44
2018-10-16,249.45
2018-10-17,249.48
2018-10-18,249.41
2018-10-19,249.48
2018-10-22,249.59
2018-10-23,249.64
2018-10-24,249.49
2018-10-25,250.33
2018-10-26,250.43
2018-10-29,250.43
2018-10-30,250.69
2018-10-31,250.71
2018-11-01,250.73
2018-11-02,250.74
2018-11-05,250.82
2018-11-06,250.85
2018-11-07,250.88
2018-11-08,250.89
2018-11-09,250.89
2018-11-12,250.73
2018-11-13,250.89
2018-11-14,250.87
2018-11-15,251.09
2018-11-16,251.09
2018-11-19,251.10
2018-11-20,250.92
2018-11-21,251.21
2018-11-23,251.41
2018-11-26,251.45
2018-11-27,251.46
2018-11-28,251.47
2018-11-29,251.47
2018-11-30,251.47
2018-12-03,251.47
2018-12-04,250.90
2018-12-06,251.28
2018-12-07,251.04
2018-12-10,251.64
2018-12-11,251.67
2018-12-12,251.68
2018-12-13,251.73
2018-12-14,251.72
2018-12-17,251.75
2018-12-18,251.95
2018-12-19,251.93
2018-12-20,251.93
2018-12-21,251.46
2018-12-24,250.66
2018-12-26,251.55
2018-12-27,251.55
2018-12-28,251.57
2018-12-31,251.62
2019-01-02,251.64
2019-01-03,251.63
2019-01-04,251.64
2019-01-07,251.64
2019-01-08,251.65
2019-01-09,251.66
2019-01-10,251.68
2019-01-11,251.69
2019-01-14,251.72
2019-01-15,251.72
2019-01-16,251.73
2019-01-17,251.74
2019-01-18,251.75
2019-01-22,251.76
2019-01-23,251.76
2019-01-24,251.84
2019-01-25,251.84
2019-01-28,251.85
2019-01-29,251.86
2019-01-30,251.87
2019-01-31,251.87
2019-02-01,251.88
2019-02-04,251.93
2019-02-05,251.93
2019-02-06,251.94
2019-02-07,251.93
2019-02-08,251.99
2019-02-11,252.00
2019-02-12,252.04
2019-02-13,252.09
2019-02-14,252.14
2019-02-15,252.16
2019-02-19,252.18
2019-02-20,252.22
2019-02-21,252.26
2019-02-22,252.28
2019-02-25,252.31
2019-02-26,252.39
2019-02-27,252.42
2019-02-28,252.46
2019-03-01,252.47
2019-03-04,252.52
2019-03-05,252.64
2019-03-06,252.66
2019-03-07,252.65
2019-03-08,252.79
2019-03-11,252.82
2019-03-12,252.83
2019-03-13,252.83
2019-03-14,252.88
2019-03-15,252.91
2019-03-18,252.95
2019-03-19,253.04
2019-03-20,253.07
2019-03-21,253.08
2019-03-22,253.12
2019-03-25,253.40
2019-03-26,253.48
2019-03-27,253.51
2019-03-28,253.60
2019-03-29,253.62
2019-04-01,253.67
2019-04-02,253.72
2019-04-03,253.73
2019-04-04,253.80
2019-04-05,253.81
2019-04-08,253.86
2019-04-09,253.91
2019-04-10,253.94
2019-04-11,253.97
2019-04-12,253.98
2019-04-15,254.03
2019-04-16,254.13
2019-04-17,254.15
2019-04-18,254.25
2019-04-22,254.33
2019-04-23,254.36
2019-04-24,254.40
2019-04-25,254.51
2019-04-26,254.53
2019-04-29,254.56
2019-04-30,254.60
2019-05-01,254.63
2019-05-02,254.74
2019-05-03,254.85
2019-05-06,254.87
2019-05-07,254.83
2019-05-08,254.86
2019-05-09,254.91
2019-05-10,254.92
2019-05-13,254.87
2019-05-14,255.02
2019-05-15,255.03
2019-05-16,255.04
2019-05-17,255.04
2019-05-20,255.03
2019-05-21,255.10
2019-05-22,255.14
2019-05-23,255.12
2019-05-24,255.15
2019-05-28,255.23
2019-05-29,255.25
2019-05-30,255.27
2019-05-31,255.29
2019-06-03,255.27
2019-06-04,255.34
2019-06-05,255.45
2019-06-06,255.47
2019-06-07,255.49
2019-06-10,255.48
2019-06-11,255.49
2019-06-12,255.51
2019-06-13,255.57
2019-06-14,255.58
2019-06-17,255.62
2019-06-18,255.63
2019-06-19,255.65
2019-06-20,255.66
2019-06-21,255.68
2019-06-24,255.71
2019-06-25,255.67
2019-06-26,255.75
2019-06-27,255.82
2019-06-28,255.82
2019-07-01,255.87
2019-07-02,255.93
2019-07-03,255.94
2019-07-05,256.00
2019-07-08,256.02
2019-07-09,256.12
2019-07-10,256.14
2019-07-11,256.18
2019-07-12,256.19
2019-07-15,256.22
2019-07-16,256.27
2019-07-17,256.29
2019-07-18,256.41
2019-07-19,256.43
2019-07-22,256.66
2019-07-23,256.70
2019-07-24,256.73
2019-07-25,256.74
2019-07-26,256.76
2019-07-29,256.80
2019-07-30,256.88
2019-07-31,256.87
2019-08-01,256.97
2019-08-02,257.01
2019-08-05,254.86
2019-08-06,255.36
2019-08-07,255.50
2019-08-08,255.50
2019-08-09,255.50
2019-08-12,255.53
2019-08-13,255.57
2019-08-14,255.60
2019-08-15,255.68
2019-08-16,255.71
2019-08-19,255.72
2019-08-20,255.74
2019-08-21,255.76
2019-08-22,255.78
2019-08-23,255.74
2019-08-26,256.16
2019-08-27,256.18
2019-08-28,256.19
2019-08-29,256.19
2019-08-30,256.19
2019-09-03,256.24
2019-09-04,256.26
2019-09-05,256.26
2019-09-06,256.27
2019-09-09,256.30
2019-09-10,256.37
2019-09-11,256.39
2019-09-12,256.40
2019-09-13,256.41
2019-09-16,256.45
2019-09-17,256.51
2019-09-18,256.52
2019-09-19,256.56
2019-09-20,256.56
2019-09-23,256.68
2019-09-24,256.67
2019-09-25,256.75
2019-09-26,256.76
2019-09-27,256.77
2019-09-30,256.90
2019-10-01,256.92
2019-10-02,256.91
2019-10-03,257.00
2019-10-04,257.02
2019-10-07,257.02
2019-10-08,257.01
2019-10-09,257.07
2019-10-10,257.08
2019-10-11,257.09
2019-10-14,257.12
2019-10-15,257.14
2019-10-16,257.16
2019-10-17,257.22
2019-10-18,257.23
2019-10-21,257.36
2019-10-22,257.38
2019-10-23,257.41
2019-10-24,257.43
2019-10-25,257.45
2019-10-28,257.47
2019-10-29,257.49
2019-10-30,257.52
2019-10-31,257.57
2019-11-01,257.58
2019-11-04,257.61
2019-11-05,257.68
2019-11-06,257.71
2019-11-07,257.78
2019-11-08,257.80
2019-11-11,257.83
2019-11-12,257.89
2019-11-13,257.91
2019-11-14,257.97
2019-11-15,257.98
2019-11-18,258.04
2019-11-19,258.13
2019-11-20,258.14
2019-11-21,258.25
2019-11-22,258.31
2019-11-25,258.41
2019-11-26,258.46
2019-11-27,258.48
2019-11-29,258.56
2019-12-02,258.59
2019-12-03,258.67
2019-12-04,258.90
2019-12-05,258.98
2019-12-06,258.98
2019-12-09,259.01
2019-12-10,259.10
2019-12-11,259.13
2019-12-12,259.15
2019-12-13,259.18
2019-12-16,259.23
2019-12-17,259.30
2019-12-18,259.32
2019-12-19,259.45
2019-12-20,259.47
2019-12-23,259.55
2019-12-24,259.65
2019-12-26,259.72
2019-12-27,259.78
2019-12-30,259.87
2019-12-31,260.03
2020-01-02,260.09
2020-01-03,260.15
2020-01-06,260.19
2020-01-07,260.20
2020-01-08,260.21
2020-01-09,260.23
2020-01-10,260.25
2020-01-13,260.38
2020-01-14,260.42
2020-01-15,260.43
2020-01-16,260.54
2020-01-17,260.56
2020-01-21,260.66
2020-01-22,260.68
2020-01-23,260.78
2020-01-24,260.79
2020-01-27,260.20
2020-01-28,260.48
2020-01-29,260.52
2020-01-30,260.59
2020-01-31,260.58
2020-02-03,260.91
2020-02-04,260.93
2020-02-05,260.95
2020-02-06,261.05
2020-02-07,261.06
2020-02-10,261.10
2020-02-11,261.10
2020-02-12,261.11
2020-02-13,261.13
2020-02-14,261.14
2020-02-18,261.16
2020-02-19,261.19
2020-02-20,261.20
2020-02-21,261.18
2020-02-24,259.01
2020-02-25,257.90
2020-02-26,258.19
2020-02-27,256.65
2020-02-28,257.33
2020-03-02,257.32
2020-03-03,257.27
2020-03-04,257.44
2020-03-05,257.22
2020-03-06,257.39
2020-03-09,256.82
2020-03-10,258.24
2020-03-11,258.63
2020-03-12,249.72
2020-03-13,258.88
2020-03-16,253.91
2020-03-17,265.80
2020-03-18,266.58
2020-03-19,268.55
2020-03-20,269.90
2020-03-23,274.54
2020-03-24,276.23
2020-03-25,276.97
2020-03-26,278.64
2020-03-27,278.72
2020-03-30,279.76
2020-03-31,280.05
2020-04-01,280.21
2020-04-02,280.76
2020-04-03,280.84
2020-04-06,281.04
2020-04-07,281.08
2020-04-08,281.08
2020-04-09,281.15
2020-04-13,281.36
2020-04-14,281.42
2020-04-15,281.41
2020-04-16,281.47
2020-04-17,281.49
2020-04-20,281.57
2020-04-21,281.47
2020-04-22,281.69
2020-04-23,281.74
2020-04-24,281.76
2020-04-27,281.77
2020-04-28,281.77
2020-04-29,281.81
2020-04-30,281.91
2020-05-01,281.90
2020-05-04,282.06
2020-05-05,282.09
2020-05-06,282.09
2020-05-07,282.17
2020-05-08,282.19
2020-05-11,282.23
2020-05-12,282.23
2020-05-13,282.22
2020-05-14,282.34
2020-05-15,282.42
2020-05-18,282.45
2020-05-19,282.49
2020-05-20,282.51
2020-05-21,282.53
2020-05-22,282.56
2020-05-26,282.64
2020-05-27,282.64
2020-05-28,282.70
2020-05-29,282.74
2020-06-01,282.81
2020-06-02,282.86
2020-06-03,282.86
2020-06-04,282.89
2020-06-05,282.91
2020-06-08,282.93
2020-06-09,282.96
2020-06-10,282.97
2020-06-11,281.80
2020-06-12,282.86
2020-06-15,283.25
2020-06-16,283.35
2020-06-17,283.36
2020-06-18,283.40
2020-06-19,283.43
2020-06-22,283.55
2020-06-23,283.59
2020-06-24,283.58
2020-06-25,283.74
2020-06-26,283.71
2020-06-29,284.13
2020-06-30,284.21
2020-07-01,284.21
2020-07-02,284.24
2020-07-06,284.33
2020-07-07,284.34
2020-07-08,284.37
2020-07-09,284.42
2020-07-10,284.44
2020-07-13,284.46
2020-07-14,284.97
2020-07-15,285.06
2020-07-16,285.12
2020-07-17,285.16
2020-07-20,285.23
2020-07-21,285.24
2020-07-22,285.26
2020-07-23,285.22
2020-07-24,285.31
2020-07-27,285.36
2020-07-28,285.34
2020-07-29,285.37
2020-07-30,285.43
2020-07-31,285.49
2020-08-03,285.55
2020-08-04,285.59
2020-08-05,285.60
2020-08-06,285.65
2020-08-07,285.65
2020-08-10,285.75
2020-08-11,285.68
2020-08-12,285.82
2020-08-13,285.87
2020-08-14,285.88
2020-08-17,285.92
2020-08-18,285.93
2020-08-19,285.93
2020-08-20,285.98
2020-08-21,286.04
2020-08-24,286.09
2020-08-25,286.16
2020-08-26,286.17
2020-08-27,286.18
2020-08-28,286.23
2020-08-31,286.27
2020-09-01,286.29
2020-09-02,286.28
2020-09-03,285.54
2020-09-04,285.96
2020-09-08,284.99
2020-09-09,286.62
2020-09-10,286.65
2020-09-11,286.76
2020-09-14,286.93
2020-09-15,287.01
2020-09-16,287.01
2020-09-17,287.07
2020-09-18,287.19
2020-09-21,287.41
2020-09-22,287.51
2020-09-23,287.49
2020-09-24,287.84
2020-09-25,287.92
2020-09-28,287.94
2020-09-29,287.96
2020-09-30,287.98
2020-10-01,288.03
2020-10-02,288.03
2020-10-05,288.08
2020-10-06,288.09
2020-10-07,288.11
2020-10-08,288.13
2020-10-09,288.13
2020-10-12,288.14
2020-10-13,288.19
2020-10-14,288.19
2020-10-15,288.21
2020-10-16,288.25
2020-10-19,288.30
2020-10-20,288.36
2020-10-21,288.37
2020-10-22,288.41
2020-10-23,288.41
2020-10-26,288.41
2020-10-27,288.48
2020-10-28,288.41
2020-10-29,288.66
2020-10-30,288.64
2020-11-02,289.05
2020-11-03,289.31
2020-11-04,289.45
2020-11-05,290.15
2020-11-06,290.19
2020-11-09,290.23
2020-11-10,290.17
2020-11-11,290.54
2020-11-12,290.55
2020-11-13,290.59
2020-11-16,290.68
2020-11-17,290.74
2020-11-18,290.75
2020-11-19,290.79
2020-11-20,290.81
2020-11-23,290.89
2020-11-24,290.93
2020-11-25,290.93
2020-11-27,290.94
2020-11-30,291.02
2020-12-01,291.08
2020-12-02,291.09
2020-12-03,291.11
2020-12-04,291.13
2020-12-07,291.19
2020-12-08,291.21
2020-12-09,291.19
2020-12-10,291.35
2020-12-11,291.42
2020-12-14,291.53
2020-12-15,291.65
2020-12-16,291.68
2020-12-17,291.70
2020-12-18,291.74
2020-12-21,291.87
2020-12-22,291.92
2020-12-23,291.93
2020-12-24,291.94
2020-12-28,291.97
2020-12-29,291.99
2020-12-30,292.00
2020-12-31,292.01
2021-01-04,292.06
2021-01-05,292.34
2021-01-06,292.36
2021-01-07,292.66
2021-01-08,292.66
2021-01-11,292.74
2021-01-12,292.86
2021-01-13,292.90
2021-01-14,292.91
2021-01-15,292.94
2021-01-19,293.16
2021-01-20,293.21
2021-01-21,293.24
2021-01-22,293.23
2021-01-25,293.29
2021-01-26,293.35
2021-01-27,293.10
2021-01-28,293.96
2021-01-29,293.94
2021-02-01,294.62
2021-02-02,294.68
2021-02-03,294.68
2021-02-04,294.80
2021-02-05,294.81
2021-02-08,294.84
2021-02-09,294.89
2021-02-10,294.89
2021-02-11,294.98
2021-02-12,295.02
2021-02-16,295.03
2021-02-17,295.10
2021-02-18,295.13
2021-02-19,295.16
2021-02-22,295.15
2021-02-23,295.40
2021-02-24,295.49
2021-02-25,295.04
2021-02-26,295.46
2021-03-01,295.69
2021-03-02,295.72
2021-03-03,295.66
2021-03-04,295.49
2021-03-05,296.33
2021-03-08,296.34
2021-03-09,297.02
2021-03-10,297.05
2021-03-11,297.26
2021-03-12,297.27
2021-03-15,297.33
2021-03-16,297.35
2021-03-17,297.38
2021-03-18,297.26
2021-03-19,297.41
2021-03-22,297.50
2021-03-23,297.51
2021-03-24,297.50
2021-03-25,297.71
2021-03-26,297.78
2021-03-29,297.85
2021-03-30,297.98
2021-03-31,298.02
2021-04-01,298.05
2021-04-05,298.09
2021-04-06,298.13
2021-04-07,298.13
2021-04-08,298.18
2021-04-09,298.19
2021-04-12,298.20
2021-04-13,298.23
2021-04-14,298.23
2021-04-15,298.28
2021-04-16,298.31
2021-04-19,298.34
2021-04-20,298.38
2021-04-21,298.42
2021-04-22,298.41
2021-04-23,298.45
2021-04-26,298.46
2021-04-27,298.52
2021-04-28,298.52
2021-04-29,298.57
2021-04-30,298.60
2021-05-03,298.65
2021-05-04,298.55
2021-05-05,298.66
2021-05-06,298.78
2021-05-07,298.84
2021-05-10,298.79
2021-05-11,299.07
2021-05-12,298.75
2021-05-13,299.58
2021-05-14,299.78
2021-05-17,299.83
2021-05-18,299.90
2021-05-19,299.95
2021-05-20,300.01
2021-05-21,300.03
2021-05-24,300.16
2021-05-25,300.20
2021-05-26,300.21
2021-05-27,300.26
2021-05-28,300.29
2021-06-01,300.36
2021-06-02,300.37
2021-06-03,300.37
2021-06-04,300.46
2021-06-07,300.48
2021-06-08,300.49
2021-06-09,300.49
2021-06-10,300.62
2021-06-11,300.63
2021-06-14,300.66
2021-06-15,300.66
2021-06-16,300.70
2021-06-17,300.81
2021-06-18,300.86
2021-06-21,301.01
2021-06-22,301.09
2021-06-23,301.10
2021-06-24,301.16
2021-06-25,301.16
2021-06-28,301.22
2021-06-29,301.25
2021-06-30,301.28
2021-07-01,301.34
2021-07-02,301.36
2021-07-06,301.44
2021-07-07,301.45
2021-07-08,301.43
2021-07-09,301.52
2021-07-12,301.55
2021-07-13,301.60
2021-07-14,301.62
2021-07-15,301.64
2021-07-16,301.68
2021-07-19,301.77
2021-07-20,302.03
2021-07-21,302.05
2021-07-22,302.11
2021-07-23,302.11
2021-07-26,302.12
2021-07-27,302.05
2021-07-28,302.15
2021-07-29,302.21
2021-07-30,302.21
2021-08-02,302.26
2021-08-03,302.33
2021-08-04,302.34
2021-08-05,302.39
2021-08-06,302.40
2021-08-09,302.44
2021-08-10,302.45
2021-08-11,302.46
2021-08-12,302.53
2021-08-13,302.54
2021-08-16,302.56
2021-08-17,302.53
2021-08-18,302.57
2021-08-19,302.64
2021-08-20,302.80
2021-08-23,302.84
2021-08-24,302.87
2021-08-25,302.88
2021-08-26,302.89
2021-08-27,302.96
2021-08-30,303.00
2021-08-31,303.01
2021-09-01,303.03
2021-09-02,303.08
2021-09-03,303.13
2021-09-07,303.21
2021-09-08,303.23
2021-09-09,303.26
2021-09-10,303.26
2021-09-13,303.54
2021-09-14,303.62
2021-09-15,303.72
2021-09-16,303.72
2021-09-17,303.75
2021-09-20,303.67
2021-09-21,304.14
2021-09-22,304.27
2021-09-23,304.35
2021-09-24,304.35
2021-09-27,304.40
2021-09-28,303.66
2021-09-29,304.28
2021-09-30,304.53
2021-10-01,304.62
2021-10-04,304.60
2021-10-05,304.90
2021-10-06,304.93
2021-10-07,304.99
2021-10-08,305.00
2021-10-11,305.06
2021-10-12,305.14
2021-10-13,305.18
2021-10-14,305.22
2021-10-15,305.24
2021-10-18,305.30
2021-10-19,305.35
2021-10-20,305.34
2021-10-21,305.41
2021-10-22,305.42
2021-10-25,305.46
2021-10-26,305.48
2021-10-27,305.50
2021-10-28,305.54
2021-10-29,305.56
2021-11-01,305.59
2021-11-02,305.62
2021-11-03,305.63
2021-11-04,305.67
2021-11-05,305.67
2021-11-08,305.74
2021-11-09,305.74
2021-11-10,305.75
2021-11-11,305.88
2021-11-12,305.92
2021-11-15,305.95
2021-11-16,305.98
2021-11-17,305.98
2021-11-18,306.00
2021-11-19,306.01
2021-11-22,306.06
2021-11-23,306.11
2021-11-24,306.21
2021-11-26,306.15
2021-11-29,306.60
2021-11-30,306.60
2021-12-01,306.59
2021-12-02,307.06
2021-12-03,307.12
2021-12-06,307.78
2021-12-07,307.93
2021-12-08,307.93
2021-12-09,307.92
2021-12-10,307.99
2021-12-13,308.02
2021-12-14,308.03
2021-12-15,308.25
2021-12-16,308.20
2021-12-17,308.30
2021-12-20,308.41
2021-12-21,308.50
2021-12-22,308.50
2021-12-23,308.50
2021-12-27,308.54
2021-12-28,308.55
2021-12-29,308.56
2021-12-30,308.57
2021-12-31,308.58
2022-01-03,308.63
2022-01-04,308.63
2022-01-05,308.42
2022-01-06,308.89
2022-01-07,309.07
2022-01-10,309.34
2022-01-11,309.43
2022-01-12,309.44
2022-01-13,309.21
2022-01-14,309.49
2022-01-18,309.45
2022-01-19,309.55
2022-01-20,309.45
2022-01-21,309.17
2022-01-24,309.73
2022-01-25,309.69
2022-01-26,310.27
2022-01-27,310.72
2022-01-28,310.96
2022-01-31,311.02
2022-02-01,311.05
2022-02-02,311.04
2022-02-03,310.12
2022-02-04,311.13
2022-02-07,311.23
2022-02-08,311.37
2022-02-09,311.38
2022-02-10,311.37
2022-02-11,311.12
2022-02-14,312.58
2022-02-15,312.86
2022-02-16,312.88
2022-02-17,312.71
2022-02-18,312.77
2022-02-22,313.21
2022-02-23,313.22
2022-02-24,313.87
2022-02-25,313.96
2022-02-28,314.04
2022-03-01,314.07
2022-03-02,314.18
2022-03-03,314.20
2022-03-04,314.25
2022-03-07,314.30
2022-03-08,314.71
2022-03-09,315.10
2022-03-10,315.24
2022-03-11,315.24
2022-03-14,315.65
2022-03-15,316.14
2022-03-16,316.20
2022-03-17,316.22
2022-03-18,316.25
2022-03-21,316.28
2022-03-22,316.39
2022-03-23,316.41
2022-03-24,316.54
2022-03-25,316.56
2022-03-28,316.63
2022-03-29,316.68
2022-03-30,316.69
2022-03-31,316.72
2022-04-01,316.78
2022-04-04,316.86
2022-04-05,316.82
2022-04-06,316.81
2022-04-07,316.96
2022-04-08,317.04
2022-04-11,317.05
2022-04-12,317.30
2022-04-13,317.35
2022-04-14,317.36
2022-04-18,317.78
2022-04-19,317.86
2022-04-20,317.87
2022-04-21,317.78
2022-04-22,317.48
2022-04-25,318.63
2022-04-26,318.23
2022-04-27,318.71
2022-04-28,318.99
2022-04-29,318.96
2022-05-02,320.00
2022-05-03,320.16
2022-05-04,320.18
2022-05-05,319.98
2022-05-06,320.16
2022-05-09,320.12
2022-05-10,320.64
2022-05-11,320.70
2022-05-12,320.91
2022-05-13,321.03
2022-05-16,321.07
2022-05-17,321.14
2022-05-18,321.11
2022-05-19,321.34
2022-05-20,321.45
2022-05-23,321.73
2022-05-24,321.75
2022-05-25,321.77
2022-05-26,321.82
2022-05-27,321.83
2022-05-31,321.88
2022-06-01,321.89
2022-06-02,321.97
2022-06-03,321.97
2022-06-06,322.04
2022-06-07,322.11
2022-06-08,322.12
2022-06-09,321.99
2022-06-10,321.82
2022-06-13,317.31
2022-06-14,318.50
2022-06-15,319.64
2022-06-16,319.50
2022-06-17,319.73
2022-06-21,319.92
2022-06-22,319.93
2022-06-23,320.00
2022-06-24,320.01
2022-06-27,320.04
2022-06-28,320.01
2022-06-29,320.15
2022-06-30,320.16
2022-07-01,320.25
2022-07-05,320.28
2022-07-06,320.28
2022-07-07,320.32
2022-07-08,320.33
2022-07-11,320.33
2022-07-12,320.35
2022-07-13,320.44
2022-07-14,320.46
2022-07-15,320.48
2022-07-18,320.49
2022-07-19,320.56
2022-07-20,320.57
2022-07-21,320.61
2022-07-22,320.61
2022-07-25,320.70
2022-07-26,320.54
2022-07-27,320.80
2022-07-28,320.90
2022-07-29,320.91
2022-08-01,320.92
2022-08-02,320.97
2022-08-03,321.00
2022-08-04,321.02
2022-08-05,321.02
2022-08-08,321.03
2022-08-09,321.04
2022-08-10,321.13
2022-08-11,321.15
2022-08-12,321.17
2022-08-15,321.18
2022-08-16,321.18
2022-08-17,321.18
2022-08-18,321.22
2022-08-19,321.23
2022-08-22,321.21
2022-08-23,321.34
2022-08-24,321.38
2022-08-25,321.41
2022-08-26,321.38
2022-08-29,321.74
2022-08-30,321.82
2022-08-31,321.93
2022-09-01,321.98
2022-09-02,322.03
2022-09-06,322.21
2022-09-07,322.27
2022-09-08,322.30
2022-09-09,322.30
2022-09-12,322.34
2022-09-13,321.69
2022-09-14,322.34
2022-09-15,322.39
2022-09-16,322.50
2022-09-19,322.57
2022-09-20,322.57
2022-09-21,322.58
2022-09-22,322.79
2022-09-23,322.75
2022-09-26,323.00
2022-09-27,323.09
2022-09-28,323.10
2022-09-29,323.09
2022-09-30,323.11
2022-10-03,323.25
2022-10-04,323.28
2022-10-05,323.28
2022-10-06,323.31
2022-10-07,323.31
2022-10-10,323.45
2022-10-11,323.43
2022-10-12,323.49
2022-10-13,323.62
2022-10-14,323.64
2022-10-17,324.12
2022-10-18,324.18
2022-10-19,324.18
2022-10-20,324.20
2022-10-21,324.22
2022-10-24,324.23
2022-10-25,324.24
2022-10-26,324.23
2022-10-27,324.24
2022-10-28,324.28
2022-10-31,324.28
2022-11-01,324.29
2022-11-02,324.27
2022-11-03,323.99
2022-11-04,324.62
2022-11-07,324.67
2022-11-08,324.69
2022-11-09,324.71
2022-11-10,324.95
2022-11-11,324.95
2022-11-14,324.98
2022-11-15,325.00
2022-11-16,325.02
2022-11-17,325.05
2022-11-18,325.07
2022-11-21,325.11
2022-11-22,325.13
2022-11-23,325.13
2022-11-25,325.14
2022-11-28,325.15
2022-11-29,325.18
2022-11-30,325.23
2022-12-01,325.24
2022-12-02,325.24
2022-12-05,325.24
2022-12-06,325.19
2022-12-07,325.24
2022-12-08,325.30
2022-12-09,325.30
2022-12-12,325.35
2022-12-13,325.59
2022-12-14,325.60
2022-12-15,325.46
2022-12-16,325.59
2022-12-19,325.66
2022-12-20,325.72
2022-12-21,325.75
2022-12-22,325.72
2022-12-23,325.74
2022-12-27,325.80
2022-12-28,325.75
2022-12-29,325.88
2022-12-30,325.88
2023-01-03,326.04
2023-01-04,326.15
2023-01-05,326.17
2023-01-06,326.20
2023-01-09,326.16
2023-01-10,326.23
2023-01-11,326.21
2023-01-12,326.38
2023-01-13,326.39
2023-01-17,326.41
2023-01-18,326.38
2023-01-19,326.36
2023-01-20,326.50
2023-01-23,326.50
2023-01-24,326.51
2023-01-25,326.54
2023-01-26,326.59
2023-01-27,326.58
2023-01-30,326.56
2023-01-31,326.70
2023-02-01,326.93
2023-02-02,326.94
2023-02-03,326.93
2023-02-06,327.00
2023-02-07,327.06
2023-02-08,327.05
2023-02-09,327.05
2023-02-10,327.17
2023-02-13,327.27
2023-02-14,327.39
2023-02-15,327.39
2023-02-16,327.33
2023-02-17,327.45
2023-02-21,327.45
2023-02-22,327.60
2023-02-23,327.63
2023-02-24,327.67
2023-02-27,327.67
2023-02-28,327.66
2023-03-01,327.66
2023-03-02,327.71
2023-03-03,327.69
2023-03-06,327.71
2023-03-07,327.74
2023-03-08,327.77
2023-03-09,327.69
2023-03-10,327.72
2023-03-13,328.08
2023-03-14,328.28
2023-03-15,328.37
2023-03-16,328.48
2023-03-17,328.59
2023-03-20,328.75
2023-03-21,328.84
2023-03-22,328.67
2023-03-23,328.92
2023-03-24,329.13
2023-03-27,329.23
2023-03-28,329.28
2023-03-29,329.27
2023-03-30,329.32
2023-03-31,329.34
2023-04-03,329.39
2023-04-04,329.40
2023-04-05,329.43
2023-04-06,329.49
2023-04-10,329.53
2023-04-11,329.55
2023-04-12,329.53
2023-04-13,329.62
2023-04-14,329.64
2023-04-17,329.65
2023-04-18,329.68
2023-04-19,329.67
2023-04-20,329.68
2023-04-21,329.70
2023-04-24,329.75
2023-04-25,329.62
2023-04-26,329.75
2023-04-27,329.82
2023-04-28,329.87
2023-05-01,329.90
2023-05-02,329.88
2023-05-03,329.91
2023-05-04,330.00
2023-05-05,330.06
2023-05-08,330.08
2023-05-09,330.10
2023-05-10,330.11
2023-05-11,330.13
2023-05-12,330.14
2023-05-15,330.19
2023-05-16,330.21
2023-05-17,330.22
2023-05-18,330.20
2023-05-19,330.29
2023-05-22,330.35
2023-05-23,330.34
2023-05-24,330.33
2023-05-25,330.46
2023-05-26,330.43
2023-05-30,330.59
2023-05-31,330.64
2023-06-01,330.74
2023-06-02,330.78
2023-06-05,330.82
2023-06-06,330.86
2023-06-07,330.73
2023-06-08,330.92
2023-06-09,330.98
2023-06-12,330.99
2023-06-13,331.14
2023-06-14,331.22
2023-06-15,331.26
2023-06-16,331.34
2023-06-20,331.45
2023-06-21,331.48
2023-06-22,331.58
2023-06-23,331.58
2023-06-26,331.55
2023-06-27,331.64
2023-06-28,331.67
2023-06-29,331.68
2023-06-30,331.71
2023-07-03,331.74
2023-07-05,331.75
2023-07-06,331.74
2023-07-07,331.79
2023-07-10,331.81
2023-07-11,331.82
2023-07-12,331.80
2023-07-13,331.88
2023-07-14,331.88
2023-07-17,331.90
2023-07-18,331.89
2023-07-19,331.74
2023-07-20,331.75
2023-07-21,331.97
2023-07-24,332.10
2023-07-25,332.17
2023-07-26,332.20
2023-07-27,332.14
2023-07-28,332.29
2023-07-31,332.31
2023-08-01,332.32
2023-08-02,332.23
2023-08-03,332.25
2023-08-04,332.47
2023-08-07,332.59
2023-08-08,332.62
2023-08-09,332.58
2023-08-10,332.78
2023-08-11,332.83
2023-08-14,332.90
2023-08-15,332.86
2023-08-16,332.85
2023-08-17,332.90
2023-08-18,332.97
2023-08-21,333.01
2023-08-22,333.05
2023-08-23,333.00
2023-08-24,333.08
2023-08-25,333.17
2023-08-28,333.19
2023-08-29,333.21
2023-08-30,333.22
2023-08-31,333.23
2023-09-01,333.27
2023-09-05,333.32
2023-09-06,333.34
2023-09-07,333.39
2023-09-08,333.42
2023-09-11,333.48
2023-09-12,333.48
2023-09-13,333.54
2023-09-14,333.53
2023-09-15,333.57
2023-09-18,333.74
2023-09-19,333.76
2023-09-20,333.69
2023-09-21,333.06
2023-09-22,333.65
2023-09-25,333.91
2023-09-26,333.96
2023-09-27,334.09
2023-09-28,334.18
2023-09-29,334.22
2023-10-02,334.37
2023-10-03,334.29
2023-10-04,334.42
2023-10-05,334.42
2023-10-06,334.48
2023-10-09,334.50
2023-10-10,334.53
2023-10-11,334.58
2023-10-12,334.64
2023-10-13,334.72
2023-10-16,335.11
2023-10-17,335.15
2023-10-18,334.99
2023-10-19,335.16
2023-10-20,335.23
2023-10-23,335.44
2023-10-24,335.48
2023-10-25,335.39
2023-10-26,335.01
2023-10-27,335.68
2023-10-30,335.77
2023-10-31,335.83
2023-11-01,335.88
2023-11-02,335.90
2023-11-03,335.92
2023-11-06,335.99
2023-11-07,336.02
2023-11-08,336.07
2023-11-09,336.06
2023-11-10,336.15
2023-11-13,336.18
2023-11-14,336.24
2023-11-15,336.22
2023-11-16,336.29
2023-11-17,336.31
2023-11-20,336.36
2023-11-21,336.37
2023-11-22,336.38
2023-11-24,336.42
2023-11-27,336.42
2023-11-28,336.44
2023-11-29,336.43
2023-11-30,336.48
2023-12-01,336.55
2023-12-04,336.55
2023-12-05,336.60
2023-12-06,336.59
2023-12-07,336.69
2023-12-08,336.72
2023-12-11,336.74
2023-12-12,336.76
2023-12-13,336.78
2023-12-14,336.80
2023-12-15,336.86
2023-12-18,336.89
2023-12-19,336.91
2023-12-20,336.76
2023-12-21,336.93
2023-12-22,336.97
2023-12-26,336.99
2023-12-27,337.01
2023-12-28,337.03
2023-12-29,337.05
,
,
,
,
,
,
,
,
,
,
,
,
,
,
,
,
,
,
,
,
,
,
,
,
,
,
,
,
,
,
,
,
,
,
,
,
,
,
,
,
,
,
,
,
,
,
,
,
,
,
,
,
,
,
,
,
,
,
,
,
,
,
,
,
,
,
,
,
,
,
,
,
,
,
,
,
,
,
,
,
,
,
,
,
,
,
,
,
,
,
,
,
,
,
,
,
,
,
,
,
,
,
,
,
,
,
,
,
,
,
,
,
,
,
,
,
,
,
,
,
,
,
,
,
,
,
,
,
,
,
,
,
,
,
,
,
,
,
,
,
,
,
,
,
,
,
,
,
,
,
,
,
,
,
,
,
,
,
,
,
,
,
,
,
,
,
,
,
,
,
,
,
,
,
,
,
,
,
,
,
,
,
,
,
,
,
,
,
,
,
,
,
,
,
,
,
,
,
,
,
,
,
,
,
,
,
,
,
,
,
,
,
,
,
,
,
,
,
,
,
,
,
,
,
,
,
,
,
,
,
,
,
,
,
,
,
,
,
,
,
,
,
,
,
,
,
,
,
,
,
,
,
,
,
,
,
,
,
,
,
,
,
,
,
,
,
,
,
,
,
,
,
,
,
,
,
,
,
,
,
,
,
,
,
,
,
,
,
,
,
,
,
,
,
,
,
,
,
,
,
,
,
,
,
,
,
,
,
,
,
,
,
,
,
,
,
,
,
,
,
,
,
,
,
,
,
,
,
,
,
,
,
,
,
,
,
,
,
,
,
,
,
,
,
,
,
,
,
,
,
,
,
,
,
,
,
,
,
,
,
,
,
,
,
,
,
,
,
,
,
,
,
,
,
,
,
,
,
,
,
,
,
,
,
,
,
,
,
,
,
,
,
,
,
,
,
,
,
,
,
,
,
,
,
,
,
,
,
,
,
,
,
,
,
,
,
,
,
,
,
,
,
,
,
,
,
,
,
,
,
,
,
,
,
,
,
,
,
,
,
,
,
,
,
,
,
,
,
,
,
,
,
,
,
,
,
,
,
,
,
,
,
,
,
,
,
,
,
,
,
,
,
,
,
,
,
,
,
,
,
,
,
,
,
,
,
,
,
,
,
,
,
,
,
,
,
,
,
,
,
,
,
,
,
,
,
,
,
,
,
,
,
,
,
,
,
,
,
,
,
,
,
,
,
,
,
,
,
,
,
,
,
,
,
,
,
,
,
,
,
,
,
,
,
,
,
,
,
,
,
,
,
,
,
,
,
,
,
,
,
,
,
,
,
,
,
,
,
,
,
,
,
,
,
,
,
,
,
,
,
,
,
,
,
,
,
,
,
,
,
,
,
,
,
,
,
,
,
,
,
,
,
,
,
,
,
,
,
,
,
,
,
,
,
,
,
,
,
,
,
,
,
,
,
,
,
,
,
,
,
,
,
,
,
,
,
,
,
,
,
,
,
,
,
,
,
,
,
,
,
,
,
,
,
,
,
,
,
,
,
,
,
,
,
,
,
,
,
,
,
,
,
,
,
,
,
,
,
,
,
,
,
,
,
,
,
,
,
,
,
,
,
,
,
,
,
,
,
,
,
,
,
,
,
,
,
,
,
,
,
,
,
,
,
,
,
,
,
,
,
,
,
,
,
,
,
,
,
,
,
,
,
,
,
,
,
,
,
,
,
,
,
,
,
,
,
,
,
,
,
,
,
,
,
,
,
,
,
,
,
,
,
,
,
,
,
,
,
,
,
,
,
,
,
,
,
,
,
,
,
,
,
,
,
,
,
,
,
,
,
,
,
,
,
,
,
,
,
,
,
,
,
,
,
,
,
,
,
,
,
,
,
,
,
,
,
,
,
,
,
,
,
,
,
,
,
,
,
,
,
,
,
,
,
,
,
,
,
,
,
,
,
,
,
,
,
,
,
,
,
,
,
,
,
,
,
,
,
,
,
,
,
,
,
,
,
,
,
,
,
,
,
,
,
,
,
,
,
,
,
,
,
,
,
,
,
,
,
,
,
,
,
,
,
,
,
,
,
,
,
,
,
,
,
,
,
,
,
,
,
,
,
,
,
,
,
,
,
,
,
,
,
,
,
,
,
,
,
,
,
,
,
,
,
,
,
,
,
,
,
,
,
,
,
,
,
,
,
,
,
,
,
,
,
,
,
,
,
,
,
,
,
,
,
,
,
,
,
,
,
,
,
,
,
,
,
,
,
,
,
,
,
,
,
,
,
,
,
,
,
,
,
,
,
,
,
,
,
,
,
,
,
,
,
,
,
,
,
,
,
,
,
,
,
,
,
,
,
,
,
,
,
,
,
,
,
,
,
,
,
,
,
,
,
,
,
,
,
,
,
,
,
,
,
,
,
,
,
,
,
,
,
,
,
,
,
,
,
,
,
,
,
,
,
,
,
,
,
,
,
,
,
,
,
,
,
,
,
,
,
,
,
,
,
,
,
,
,
,
,
,
,
,
,
,
,
,
,
,
,
,
,
,
,
,
,
,
,
,
,
,
,
,
,
,
,
,
,
,
,
,
,
,
,
,
,
,
,
,
,
,
,
,
,
,
,
,
,
,
,
,
,
,
,
,
,
,
,
,
,
,
,
,
,
,
,
,
,
,
,
,
,
,
,
,
,
,
,
,
,
,
,
,
,
,
,
,
,
,
,
,
,
,
,
,
,
,
,
,
,
,
,
,
,
,
,
,
,
,
,
,
,
,
,
,
,
,
,
,
,
,
,
,
,
,
,
,
,
,
,
,
,
,
,
,
,
,
,
,
,
,
,
,
,
,
,
,
,
,
,
,
,
,
,
,
,
,
,
,
,
,
,
,
,
,
,
,
,
,
,
,
,
,
,
,
,
,
,
,
,
,
,
,
,
,
,
,
,
,
,
,
,
,
,
,
,
,
,
,
,
,
,
,
,
,
,
,
,
,
,
,
,
,
,
,
,
,
,
,
,
,
,
,
,
,
,
,
,
,
,
,
,
,
,
,
,
,
,
,
,
,
,
,
,
,
,
,
,
,
,
,
,
,
,
,
,
,
,
,
,
,
,
,
,
,
,
,
,
,
,
,
,
,
,
,
,
,
,
,
,
,
,
,
,
,
,
,
,
,
,
,
,
,
,
,
,
,
,
,
,
,
,
,
,
,
,
,
,
,
,
,
,
,
,
,
,
,
,
,
,
,
,
,
,
,
,
,
,
,
,
,
,
,
,
,
,
,
,
,
,
,
,
,
,
,
,
,
,
,
,
,
,
,
,
,
,
,
,
,
,
,
,
,
,
,
,
,
,
,
,
,
,
,
,
,
,
,
,
,
,
,
,
,
,
,
,
,
,
,
,
,
,
,
,
,
,
,
,
,
,
,
,
,
,
,
,
,
,
,
,
,
,
,
,
,
,
,
,
,
,
,
,
,
,
,
,
,
,
,
,
,
,
,
,
,
,
,
,
,
,
,
,
,
,
,
,
,
,
,
,
,
,
,
,
,
,
,
,
,
,
,
,
,
,
,
,
,
,
,
,
,
,
,
,
,
,
,
,
,
,
,
,
,
,
,
,
,
,
,
,
,
,
,
,
,
,
,
,
,
,
,
,
,
,
,
,
,
,
,
,
,
,
,
,
,
,
,
,
,
,
,
,
,
,
,
,
,
,
,
,
,
,
,
,
,
,
,
,
,
,
,
,
,
,
,
,
,
,
,
,
,
,
,
,
,
,
,
,
,
,
,
,
,
,
,
,
,
,
,
,
,
,
,
,
,
,
,
,
,
,
,
,
,
,
,
,
,
,
,
,
,
,
,
,
,
,
,
,
,
,
,
,
,
,
,
,
,
,
,
,
,
,
,
,
,
,
,
,
,
,
,
,
,
,
,
,
,
,
,
,
,
,
,
,
,
,
,
,
,
,
,
,
,
,
,
,
,
,
,
,
,
,
,
,
,
,
,
,
,
,
,
,
,
,
,
,
,
,
,
,
,
,
,
,
,
,
,
,
,
,
,
,
,
,
,
,
,
,
,
,
,
,
,
,
,
,
,
,
,
,
,
,
,
,
,
,
,
,
,
,
,
,
,
,
,
,
,
,
,
,
,
,
,
,
,
,
,
,
,
,
,
,
,
,
,
,
,
,
,
,
,
,
,
,
,
,
,
,
,
,
,
,
,
,
,
,
,
,
,
,
,
,
,
,
,
,
,
,
,
,
,
,
,
,
,
,
,
,
,
,
,
,
,
,
,
,
,
,
,
,
,
,
,
,
,
,
,
,
,
,
,
,
,
,
,
,
,
,
,
,
,
,
,
,
,
,
,
,
,
,
,
,
,
,
,
,
,
,
,
,
,
,
,
,
,
,
,
,
,
,
,
,
,
,
,
,
,
,
,
,
,
,
,
,
,
,
,
,
,
,
,
,
,
,
,
,
,
,
,
,
,
,
,
,
,
,
,
,
,
,
,
,
,
,
,
,
,
,
,
,
,
,
,
,
,
,
,
,
,
,
,
,
,
,
,
,
,
,
,
,
,
,
,
,
,
,
,
,
,
,
,
,
,
,
,
,
,
,
,
,
,
,
,
,
,
,
,
,
,
,
,
,
,
,
,
,
,
,
,
,
,
,
,
,
,
,
,
,
,
,
,
,
,
,
,
,
,
,
,
,
,
,
,
,
,
,
,
,
,
,
,
,
,
,
,
,
,
,
,
,
,
,
,
,
,
,
,
,
,
,
,
,
,
,
,
,
,
,
,
,
,
,
,
,
,
,
,
,
,
,
,
,
,
,
,
,
,
,
,
,
,
,
,
,
,
,
,
,
,
,
,
,
,
,
,
,
,
,
,
,
,
,
,
,
,
,
,
,
,
,
,
,
,
,
,
,
,
,
,
,
,
,
,
,
,
,
,
,
,
,
,
,
,
,
,
,
,
,
,
,
,
,
,
,
,
,
,
,
,
,
,
,
,
,
,
,
,
,
,
,
,
,
,
,
,
,
,
,
,
,
,
,
,
,
,
,
,
,
,
,
,
,
,
,
,
,
,
,
,
,
,
,
,
,
,
,
,
,
,
,
,
,
,
,
,
,
,
,
,
,
,
,
,
,
,
,
,
,
,
,
,
,
,
,
,
,
,
,
,
,
,
,
,
,
,
,
,
,
,
,
,
,
,
,
,
,
,
,
,
,
,
,
,
,
,
,
,
,
,
,
,
,
,
,
,
,
,
,
,
,
,
,
,
,
,
,
,
,
,
,
,
,
,
,
,
,
,
,
,
,
,
,
,
,
,
,
,
,
,
,
,
,
,
,
,
,
,
,
,
,
,
,
,
,
,
,
,
,
,
,
,
,
,
,
,
,
,
,
,
,
,
,
,
,
,
,
,
,
,
,
,
,
,
,
,
,
,
,
,
,
,
,
,
,
,
,
,
,
,
,
,
,
,
,
,
,
,
,
,
,
,
,
,
,
,
,
,
,
,
,
,
,
,
,
,
,
,
,
,
,
,
,
,
,
,
,
,
,
,
,
,
,
,
,
,
,
,
,
,
,
,
,
,
,
,
,
,
,
,
,
,
,
,
,
,
,
,
,
,
,
,
,
,
,
,
,
,
,
,
,
,
,
,
,
,
,
,
,
,
,
,
,
,
,
,
,
,
,
,
,
,
,
,
,
,
,
,
,
,
,
,
,
,
,
,
,
,
,
,
,
,
,
,
,
,
,
,
,
,
,
,
,
,
,
,
,
,
,
,
,
,
,
,
,
,
,
,
,
,
,
,
,
,
,
,
,
,
,
,
,
,
,
,
,
,
,
,
,
,
,
,
,
,
,
,
,
,
,
,
,
,
,
,
,
,
,
,
,
,
,
,
,
,
,
,
,
,
,
,
,
,
,
,
,
,
,
,
,
,
,
,
,
,
,
,
,
,
,
,
,
,
,
,
,
,
,
,
,
,
,
,
,
,
,
,
,
,
,
,
,
,
,
,
,
,
,
,
,
,
,
,
,
,
,
,
,
,
,
,
,
,
,
,
,
,
,
,
,
,
,
,
,
,
,
,
,
,
,
,
,
,
,
,
,
,
,
,
,
,
,
,
,
,
,
,
,
,
,
,
,
,
,
,
,
,
,
,
,
,
,
,
,
,
,
,
,
,
,
,
,
,
,
,
,
,
,
,
,
,
,
,
,
,
,
,
,
,
,
,
,
,
,
,
,
,
,
,
,
,
,
,
,
,
,
,
,
,
,
,
,
,
,
,
,
,
,
,
,
,
,
,
,
,
,
,
,
,
,
,
,
,
,
,
,
,
,
,
,
,
,
,
,
,
,
,
,
,
,
,
,
,
,
,
,
,
,
,
,
,
,
,
,
,
,
,
,
,
,
,
,
,
,
,
,
,
,
,
,
,
,
,
,
,
,
,
,
,
,
,
,
,
,
,
,
,
,
,
,
,
,
,
,
,
,
,
,
,
,
,
,
,
,
,
,
,
,
,
,
,
,
,
,
,
,
,
,
,
,
,
,
,
,
,
,
,
,
,
,
,
,
,
,
,
,
,
,
,
,
,
,
,
,
,
,
,
,
,
,
,
,
,
,
,
,
,
,
,
,
,
,
,
,
,
,
,
,
,
,
,
,
,
,
,
,
,
,
,
,
,
,
,
,
,
,
,
,
,
,
,
,
,
,
,
,
,
,
,
,
,
,
,
,
,
,
,
,
,
,
,
,
,
,
,
,
,
,
,
,
,
,
,
,
,
,
,
,
,
,
,
,
,
,
,
,
,
,
,
,
,
,
,
,
,
,
,
,
,
,
,
,
,
,
,
,
,
,
,
,
,
,
,
,
,
,
,
,
,
,
,
,
,
,
,
,
,
,
,
,
,
,
,
,
,
,
,
,
,
,
,
,
,
,
,
,
,
,
,
,
,
,
,
,
,
,
,
,
,
,
,
,
,
,
,
,
,
,
,
,
,
,
,
,
,
,
,
,
,
,
,
,
,
,
,
,
,
,
,
,
,
,
,
,
,
,
,
,
,
,
,
,
,
,
,
,
,
,
,
,
,
,
,
,
,
,
,
,
,
,
,
,
,
,
,
,
,
,
,
,
,
,
,
,
,
,
,
,
,
,
,
,
,
,
,
,
,
,
,
,
,
,
,
,
,
,
,
,
,
,
,
,
,
,
,
,
,
,
,
,
,
,
,
,
,
,
,
,
,
,
,
,
,
,
,
,
,
,
,
,
,
,
,
,
,
,
,
,
,
,
,
,
,
,
,
,
,
,
,
,
,
,
,
,
,
,
,
,
,
,
,
,
,
,
,
,
,
,
,
,
,
,
,
,
,
,
,
,
,
,
,
,
,
,
